titles,category
한동훈조국시절생긴형사사건공개금지규정개정지시,Social
버닝썬빅뱅전멤버승리징역년개월민간교도소간다종합,Social
프로필박순애교육부장관인수위출신행정조직전문가,Social
단독쇼핑몰서고가가전무통장입금판매후잠적경찰은주후수사착수한다고,Social
단독서민대책위민주당소속서울시구청장후보명경찰고발,Social
실감안나는여름재유행하반기만만확진이유가지,Social
교통정리중인나체녀등장대낮에도로한복판에서무슨일,Social
코로나가끝이아니다인류위협하는인수공통감염병,Social
서울시교육감강신만후보사퇴조희연으로단일화,Social
고깃집환불갑질목사모녀재판악어의눈물합의없다,Social
인천서낚시객명사망명실종해경이틀째수색,Social
도박성매매빅뱅승리징역년개월확정,Social
퇴근길에시민생명구한해군기동전단화천함장병들,Social
프로필김승희복지장관후보식약처장출신의약전문가,Social
전입한달도안된여군성폭행한전직해병대부사관집유,Social
민주당전남무소속후보들선거후복당신경전,Social
대법합리적이유없는임금피크제는연령차별노사합의해도무효종합,Social
대법임금피크제합리적보상없으면나이차별,Social
차례음주걸리고또음주운전한대의사징역형,Social
정차요구불응도주중순찰차들이받은대입건,Social
신고당할래돈줄래신분속이고술주문한중학생들의협박,Social
년뒤똑같이미성년성추행한경찰공무원,Social
성매매원정도박승리징역년개월확정민간교도소이감상보,Social
산림청국유림명품숲대관령특수조림지등곳선정,Social
박지현최강욱문제오늘중논의필요하다면비상징계권한도활용,Social
대법원연령만기준삼는임금피크제는위법년만에첫판단,Social
속보대법연령기준임금피크제는무효노사간협상불가피,Social
승리대법서년개월실형확정민간교도소로이감,Social
경운기타고고사리캐러가다음주차량에부부참변,Social
해병대부사관시절후배유사강간강제추행대집행유예,Social
승리징역년개월확정성매매알선등개혐의유죄,Social
빅뱅승리민간교도소간다대법원년개월확정,Social
대법임금피크제는연령차별첫무효판단,Social
제주동부하수처리장공사재개주민반발로무산,Social
면역떨어지고재유행가능성커지는데차접종은,Social
신규확진만명사흘만에만명아래로,Social
대표성없는공무원보수위원회재구성하라,Social
까치집때문에서울영등포동아파트세대정전,Social
지하철휴대폰폭행대간호조무사실습때노인싫어져징역년구형,Social
경력의힘피싱범속여만원가로챈전직피싱범,Social
전교조중도보수교육감후보명명예훼손혐의고소,Social
경기도자립준비청년에만원지원전국최고,Social
조배숙국민의힘도지사후보전북떠나는청년붙잡겠다,Social
속보목요일확진자주만에만명대,Social
강신만조희연지지후사퇴서울교육감진보후보단일화,Social
참을수없는음주운전의유혹번째적발된대의사결국실형,Social
보대법합리적이유없는연령기준임금피크제무효,Social
대기업채용문열렸다대그룹년간만명이상국내채용,Social
경기도지사지지도김동연김은혜,Social
만성형간염위폐등간밖의암위험도높인다,Social
안좋은말하는줄알고귀가여성무차별폭행한대남성검거,Social
오피스텔빌려년간성매매창원서업주명송치,Social
성매매알선해외원정도박빅뱅승리징역년개월확정,Social
현장성매매알선승리징역년개월확정자동전역민간교도소이감종합,Social
대법원합리적이유없이연령에따라임금깎는것은무효,Social
경찰인사철에짙어진검수완박그림자수사통불리관측도,Social
프로필오유경식약처장산학거치며유리천장깬과학자,Social
속보대법임금피크제는연령차별현행법위반,Social
법무연수원간추미애간부들친윤석열기획부장지시받는다,Social
빅뱅전멤버승리징역년개월확정민간교도소이감,Social
일째만명밑으로뚝코로나신규확진만명종합,Social
스포티비운영사대표검찰송치회삿돈억빼돌려,Social
사이드미러끼리살짝닿았는데뇌진탕이라며일간입원,Social
차례걸리고또만취운전한의사징역형,Social
경남경찰오피스텔에서성매매알선한업주명적발,Social
분안에돈가져올게요택시비만원먹튀한손님,Social
동창생에성매매번강요해숨지게한대실형,Social
신규확진만명평일도만명대위중증명종합,Social
번성매매감금학대동창숨지게한대항소심서더높은형량,Social
창원서신호위반횡단보도보행자덮쳐중학생사망,Social
김태열의생생건강펜만성형간염환자간암위폐암대장암위험도높여,Social
초등생도스마트폰중독심각초등학년위험군,Social
속보대법노사합의임금피크제나이만기준으로했다면위법,Social
기준금리올해두세차례더오를듯연말이상,Social
광주펌프카사망사고낸기사입건중대재해법투트랙수사,Social
보성매매알선상습도박빅뱅승리징역년개월확정,Social
축제보러오는외부인에게대학생들환영구분둬야,Social
성매매알선원정도박버닝썬빅뱅승리징역년월확정,Social
성매매알선상습도박빅뱅승리징역년개월확정,Social
성일종의원대한민국국회의정대상년연속수상,Social
속보성매매알선승리징역년개월확정민간교도소간다,Social
환율에울고웃는교환학생들달러용돈으로쇼핑,Social
번음주걸리고또만취해차받았다정신못차린의사최후,Social
강신만조희연지지하며사퇴서울교육감진보단일화,Social
프로필김승희복지장관후보자의원식약처장거친기술관료출신,Social
속보승리대법서징역년개월확정민간교도소이관,Social
광주서보행자교통사망사고잇달아발생각별히주의해야,Social
전장연삭발식오체투지지하철시위이어가뉴시스,Social
미대출신세여성청소부월수입만원이상아파트도샀다종합,Social
속보병장승리민간교도소갇힌다징역년개월확정,Social
아산시장선거만자족도시완성년민주당정권끝내야,Social
살아있어미안이근근황아직우크라에있다악에맞서싸워,Social
신문브리핑용퇴논의하자지도부자질없다그럼저왜앉혔나외주요기사,Social
도박성매매빅뱅전멤버승리징역년개월확정,Social
중국산미용품국산으로속여수출업체적발,Social
속보대법합리적이유없는임금피크제는연령차별고령자고용법위배,Social
원숭이두창계속번지는데방역당국백신은제한적으로사용,Social
보대법연령기준만적용한임금피크제는무효,Social
서울교육감진보후보조희연강신만단일화강신만사퇴,Social
돌연제동간호법지선앞두고의사반발부담,Social
년돌본중증장애딸살해한엄마구속영장기각,Social
대법합리적이유없는연령기준임금피크제무효,Social
대전스마트시티챌린지사업전기화재예방서비스성과,Social
속보대법원임금피크제연령차별해현행법위반,Social
윤석열대통령기업인들과소통의장마련,Social
속보사회부총리겸교육부장관후보자에박순애서울대행정대학원교수,Social
올해교통사고감정사자격시험월실시,Social
신문브리핑미국본토겨냥한한국노린처음섞어쐈다외주요기사,Social
대법업무차이없는임금피크제는연령차별현행법위반,Social
집에서돈가져온다더니택시비만원먹튀한손님,Social
원주시공무원노조강원도청은부당한시험감독관차출멈춰야,Social
로봇이회진방역까지삼성서울병원로봇지능형병원선포,Social
속보대법연령기준만적용한임금피크제무효,Social
국내첫영화영상산업전문전시회부산서열린다,Social
부산자갈치신동아시장인근음주대바다추락해경구조,Social
오세훈일사전투표먼저기선제압해야압승,Social
경찰회삿돈억횡령혐의로스포츠마케팅업체대표송치,Social
우리나라방송콘텐츠년간해외로불법송출중국인구속기소,Social
속보임금피크제는연령차별현행법위반해당,Social
공근면주민들김명기국민의힘횡성군수후보지지선언,Social
조국때금지한수사상황공개한동훈법무부개정검토,Social
전남도일상회복시대안심관광지곳전국최다,Social
속보대법원임금피크제는연령차별로위법첫판단,Social
대법업무같다면임금피크제는연령차별현행법위반,Social
우크라이나참전이근벌금형예상재참전은쉽지않아,Social
코로나신규확진자만명화이자북한에백신원가공급,Social
대법합리적이유없는임금피크제연령차별노사합의했어도무효,Social
서대구역개통축하음악회개최,Social
오피스텔서년동안성매매알선한업주명적발,Social
차례걸리고또음주운전한대의사측정거부해징역형,Social
신규확진감소세유지사망자도나흘연속명이하종합,Social
독도새우로알려진도화새우만마리방류,Social
서울교육감선거조희연지지율늘고부동층줄었다,Social
경남하루코로나확진자명,Social
내달일부터가사도우미도퇴직금대보험유급휴가받는다,Social
사천경찰전화금융사기상습전문현금수거책대구속,Social
가사근로자도대보험가입최저임금적용유급휴가줘야,Social
한반도첫수도고창밥상땅물불테마로전국에소개,Social
윤석열이검찰특수활동비금고지기를대통령실로데려간이유,Social
내달일부터가사근로자도유급휴일연차휴가등보장,Social
윤호상서울교육감후보보수진영단일화간곡히요청,Social
술마시고바다에빠진대구조생명지장없어,Social
김건희여사조만간봉하찾아권양숙여사예방,Social
승리민간교도소가나오늘대법원선고,Social
부산도심서귀가여성무차별폭행한남성사흘만에검거종합,Social
다벗고교통정리나섰다나체녀등장에운전자들깜짝,Social
전장연삭발식오체투지지하철시위이어가국가책임촉구,Social
속보확진만명목요일주만에만명대,Social
대젊은불량배바둑두는대노인폭행상습갈취,Social
정차요구무시하고도주하다순찰차들이받은운전자체포,Social
서울시퀴어축제승인시민위에넘긴다조직위성소수자차별,Social
차례처벌받고또대의사음주뺑소니측정거부징역년,Social
차례걸리고도또음주운전한대의사징역형,Social
구례군지리산정원소나무숲하늘정원산책길걸어보세요,Social
경찰억횡령스포티비운영사에이클라대표송치,Social
주말효과사라지는목요일주만에만명대확진상보,Social
조광한남양주시장북콘서트연다공직자오지말라왜,Social
성매매알선승리오늘대법선고실형확정시민간교도소이감,Social
만명확진일째만명아래확진자일사전투표종합,Social
코로나신규확진만명위중증명사망명,Social
신규확진만명일만에평일확진자만명대,Social
신규확진자만명지난주대비명감소종합,Social
신규확진일연속만명이하전일대비여명상보,Social
거리두기해제후일코로나신규확진만명,Social
모친계단서사망신고아들내가밀었다자백교통사고도수상,Social
손흥민에네이마르는못참지만명몰린축구협회서버또터졌다라인업,Social
야동서실제성행위금지되나촬영규제법안에시끌,Social
서울시시내버스사업먹튀막는다주식영업양수도기준마련,Social
인권위안승남구리시장후보경찰에수사의뢰,Social
최계운조전혁임태희교육감후보돌봄조펀드공약,Social
대코인거래소서루나매매못한다코인원까지동참,Social
대구지검때처벌받은사람명예회복절차진행,Social
조국날거짓말쟁이로모느냐서울대사의표명진실공방,Social
차례걸리고또만취운전한의사징역형,Social
은행직원사칭해보이스피싱현금수거억뜯어낸대구속,Social
청와대시민품으로성큼오늘부터본관관저도개방,Social
감금하고여차례성매매동창숨지게한대징역년,Social
취재파일피해자권리에서관계회복까지학폭어른학생관점으로옮겨가려면,Social
신규확진만명목요일기준주만에만명대,Social
단독취재파일교수여명경고주의에서울대발칵,Social
대웅제약웨어러블심전도기임상결과국제학술지게재,Social
억횡령의혹스포티비운영사에이클라대표송치,Social
속보코로나백신신규차접종만명누적,Social
신규확진만명으로목요일주만에만명대위중증명,Social
조국서울대사직서논란에나를거짓말쟁이로몰다니,Social
조국날거짓말쟁이로몰아서울대에사직의사분명히밝혔다,Social
신규확진만명대목요일기준주만,Social
변호사못구해애먹던이은해조현수결국사선구했다첫재판연기,Social
조국날거짓말쟁이로몰아서울대사직의사분명히표현,Social
만명확진일째만명아래사망명늘어명상보,Social
속보코로나신규확진만명사망자명,Social
속보일째만명아래만명확진사망명위중증명,Social
무더운여름엔안동건진국수로입맛돋우세요,Social
청소년스마트폰중독더심각해졌다초등학생도통제어려워,Social
아파트신축현장타설중명사망펌프카기사입건,Social
줄어드는코로나유행세주중반에도만명대확진,Social
선거일은유급휴일우린왜출근해야하지,Social
법원강용석빼고경기지사후보토론방송실시해선안돼,Social
사이드미러툭스쳤는데염좌뇌진탕으로일입원한차주영상,Social
이유없이남의가게불지른대실형,Social
광주붕괴사고관련현대산업개발대표이사입건,Social
민주성남수사는정치보복경찰청항의방문,Social
기재차관월물가대전망다음주민생안정대책발표,Social
기술넘어간종착지는중국국영연구소,Social
초등학생만명스마트폰인터넷중독에일상생활못한다,Social
오세훈국무회의서쓴소리도하는서울시장될것,Social
반도체세정장비유출혐의명기소,Social
배달앱악평은괜찮고양주고깃집갑질목사모녀재판서울먹,Social
미안해년돌본중증장애딸살해대친모법원영장기각,Social
세계가스총회참관객눈길끌기위해기업경쟁치열,Social
오피스텔서불법성매매일당년간억만원벌었다,Social
울산서건물전체태운묻지마방화범징역년선고,Social
조국서울대에사의표명언론이거짓말쟁이몰아,Social
코로나경북일명확진포항명경주명,Social
봉사도똑같은준호만팬심노린마케팅눈살,Social
택시비만원나오자돈가져오겠다던손님그대로먹튀했습니다,Social
임금피크제는연령차별오늘대법원첫판단,Social
여동생과누워있던남편부부싸움하다흉기로찌른아내,Social
아내랑이혼해폭언에아버지수십차례찔러살해한대징역년,Social
년돌본중증장애딸살해친모구속영장기각,Social
렌터카로오토바이쾅보험금가로챈사기일당송치,Social
내욕열심히했냐이근에올라온깡통사진,Social
사당역인근에세대공동주택조성지상층규모,Social
자영업사장님이왜노조위원장이됐나노동자개념을묻다,Social
광주전남서하루새코로나확진자각각명명발생,Social
거리두기일상무심했던것들이비로소보였다,Social
강원국힘곳싹쓸이보수텃밭으로회귀조짐,Social
충북로민주국힘분할곳은경합지역,Social
대전민주확실한우세곳도없어,Social
김형찬부산강서구청장후보노기태후보허위사실유포로고발,Social
이근아직우크라이나에있다악에맞서싸울수있어기뻐,Social
사천회억만원전화사기현금수거책구속,Social
오늘부터청와대내부공개대통령집무실침실도열린다,Social
교육플러스보수인진보인서울교육감후보인은,Social
헌재파업이업무방해죄인가년만에오늘결론,Social
내일날씨전국에강한바람큰일교차주의,Social
빛소음공해골프연습장자리를공공주택으로사당역역세권주택개발,Social
한국노총양산지부나동연후보공개지지선언,Social
코로나후유증치료법없다백신효과는제한적,Social
충남민주당곳국민의힘곳우세국힘약진,Social
노동자파업은업무방해죄오늘년만에헌재판단나온다,Social
한동훈조국이만든형사사건공개금지개정지시,Social
성매매알선빅뱅승리오늘대법원선고심징역년개월,Social
군위군수지지부탁수백만원뿌린후보처남구속,Social
서울시버스회사줍줍사모펀드제동먹튀방지,Social
조국저를거짓말쟁이로모는군요서울대사직의사분명히표명,Social
조국사직안받아줘월급수령서울대사의표명없었다,Social
한사람에게두번세번씩보이스피싱억편취대여성구속,Social
효과있다탈모새치샴푸뜨자제약바이오가세,Social
성매매알선상습도박빅뱅승리오늘대법원선고카지노서빌린칩상당액추징여부쟁점,Social
병장승리오늘대법선고유죄땐민간교도소에갇힌다,Social
김영만군수지지해달라돈봉투건낸군수친인척구속,Social
아무이유없이방화동네가게불지른대징역년,Social
지방선거전라남도지사김영록이정현김영록독주속이정현선전주목,Social
조국서울대사직서논란에나를거짓말쟁이로몰다니펄쩍,Social
황운하허위사실공표고발에김광신고발즉시역고발,Social
영상청와대요리사가대통령얘기에눈물쏟은사연노무현의입맛박근혜의스타킹,Social
한동훈상설특검으로검수완박무력화나설까,Social
구사일생에이프릴바이오얼어붙은바이오투심돌리나,Social
이슈분석법무부인사검증권한놓고논란,Social
임금피크제무효여부오늘대법원첫판단,Social
전자발찌훼손살해강윤성오늘국민참여재판받는다,Social
대낮음주운전트럭이행인덮쳐명사상,Social
전두환자녀유산상속포기손자녀도포기절차검토,Social
아무이유없이남의건물에불지른대징역년,Social
날씨서울도더위한풀꺾여중부강풍주의,Social
아침에한장야외수영장이돌아온다,Social
감자수급도불안패스트푸드점서또사라진감자튀김,Social
검찰총장직무대리가기억의벽찾은까닭은,Social
어릴적모습그대로꿈에년이상장기실종아동여명,Social
공룡피자요청승낙한사장님감사리뷰진상누리꾼싸늘,Social
어머니사망신고한대아들계단서밀었다살해자백,Social
같이살지못해미안해년돌본뇌병변딸살해한구속영장기각,Social
메갈페미라욕먹던걔네들이선거에나왔다,Social
핫클릭누리호차발사예정일월일로최종확정,Social
년반만의총출동새정부첫국무회의앞둔세종풍경,Social
단속반뜨면초도망만원도못벌지만돗자리펼치는노점상들,Social
진중권사저앞극우시위에집회의자유빙자한폭력,Social
동창생감금하고몹쓸짓시켜돈갈취한대형량더늘어난이유,Social
사이드미러스쳤는데뇌진탕에입원까지거부해야영상,Social
출근길대운전차량가로수들이받고전도음주들통,Social
영상집에서돈가져올게요택시비만원먹튀한손님,Social
전자발찌꾾고여성명살해강윤성오늘국민참여재판열려,Social
명한테차례억받아건낸전화금융사기범검거,Social
올여름코로나재유행유력한데방역당국전국민차접종검토할까,Social
뉴스쏙속북한결국선넘나차핵실험임박,Social
옥중김경수프로필사진교체페북정치시작,Social
김석준딸입학아빠찬스의혹하윤수조국옹호자격있나,Social
친환경정책줄줄이제동탄소중립속도조절,Social
가수승리오늘대법원판결받는다,Social
전자발찌끊고명살인강윤성오늘국민참여재판빠르면당일선고,Social
오스템임플란트새마을금고아모레퍼시픽강동구청계양전기간큰횡령잇따르는이유있다,Social
영상돈가져올게요분안에온다더니택시비먹튀,Social
윤대통령교육복지장관에여성우선발탁방침,Social
남자랑술마셔결혼앞두고약혼녀시간감금폭행한대,Social
오피스텔공사현장서대작업자추락사,Social
담당형사다보이스피싱조직등친대,Social
영수증장이면사장님개인정보탈탈제보확인해보니,Social
전자발찌살인강윤성오늘국민참여재판배심원판단받는다,Social
조국서울대에사직의사분명히표명거짓말쟁이로몰아,Social
피해여성사진무단조회징계전력자요직발탁논란,Social
조국직위해제월급논란에사직표명했다서울대그런적없다,Social
인터넷와글와글전두환자녀상속포기차가인도로왜급소피해살았다,Social
조선왕릉서역사공부거리두기풀리니인기,Social
대낮만취운전트럭행인덮쳤다명사망명중상,Social
굿모닝날씨오늘낮더위주춤중부강한바람주의,Social
단독김관영도지사후보석사논문표절의혹문장개동일,Social
오늘부터청와대집무실관저내부도관람,Social
처제와왜한침대에부부싸움중흉기휘두른대여성체포,Social
경향강성지지자공격무서워민주당의원입다물어,Social
대폭주족진압경찰고소위기특진시켜야응원쇄도,Social
무궁화실엔이들초상화오늘부터청본관관저문연다,Social
담당형사다보이스피싱조직등친대,Social
현대차노조업무방해사건오늘년만에결론,Social
새마을금고에서도억횡령년다닌직원경찰에자수,Social
빅뱅승리오늘대법원선고심징역년개월,Social
연이자곧복구계획손실키운권도형말들,Social
서대구역개통한달반만에이용객,Social
지방선거김성정종순초박빙예측불허,Social
행정경험힘센머슴최대기초자치단체수원,Social
단독술주문하고경찰신고협박돈뜯어낸중학생들검거,Social
기후환경리포트바이러스의습격인간에대한자연의복수,Social
단독에쓰오일폭발사고인재회사측과실인정,Social
김경수페북프로필사진양손하트로변경사면예고해석분분,Social
원숭이두창확산유입막기위해검역검사확대,Social
사적공간침실욕실까지오늘부터청와대내부일반공개,Social
지선인천현직박남춘전직유정복년만의리턴매치,Social
나경찰이야현금수거책돈가로챈대구속,Social
살딸폭염에숨질때엄마는카톡방번개모임징역년확정,Social
친구와성관계합의해놓고성폭행당했다신고한대여성,Social
한덕수윤종원대체못한다권성동고집피우시냐,Social
지방선거유두석김한종오차범위접전,Social
박지원내부총질하니권력기관인사도강건너불구경인사가만사,Social
택시비만원나오자돈가져올게요그대로먹튀한손님,Social
내부고발자보복폭행욕설등위협도,Social
억전재산날렸는데또살까권도형새루나나온다,Social
지하철서휴대폰으로대남성수차례가격한대여성에징역년구형,Social
오미크론확산한월사망자역대최다,Social
인터뷰병원균속까지로현미경존재감커졌죠,Social
동창감금해성매매강요가혹행위일삼아숨지게한대심서형량가중,Social
생활고이유로두아들살해한대친모변호인남편에복수하려고애죽이는사람있나,Social
결혼약속한여성시간감금폭행한대구속다른남자와술마셔화나,Social
경찰빽있다던휴대폰폭행녀법정선우울증때문에,Social
휴대폰소액대출로수십배빚더미내구제대출의덫,Social
일반고켤때특목고는줌교육불평등키운원격수업,Social
대법원임금피크제위법여부오늘선고,Social
학교유치원에발암물질석면년넘게그대로,Social
성매매등개혐의승리감형해준심대법판결은,Social
분안에올게요택시비만원먹튀한여성영상,Social
심징역년개월빅뱅승리오늘대법원선고,Social
부산강서구청장선거흑색선전과열양상이지만대체로사실,Social
조국사직안받아줘서월급받았다서울대그런적없다,Social
회사원도은행원도공무원도간큰횡령잇달아약한처벌탓인가,Social
미터건설장비와르르안전지침없어,Social
변희재한동훈은진중권책깔아주고은찬양제히틀러와괴벨스,Social
뉴스열어보기북도발직후미전략자산폭격기일본상공출격,Social
기술넘어간종착지는중국국영연구소,Social
반도체세정장비유출혐의명기소,Social
검찰이어경찰도친정체제구축국수본부장도검찰출신,Social
임금피크제노사합의로도입했지만차별대법첫판단나온다,Social
임금피크제수백만명오늘대법판결에주목하는까닭,Social
여차례성매매동창죽음내몬대징역년,Social
감자싣고달리던톤화물차쾅대운전자다쳐,Social
장애딸살해엄마미안하다구속영장기각,Social
법무부인사검증민정수석잔혹사끊을까한동훈노터치약속,Social
추천부터검증까지출신이정부인사장악,Social
성매매알선해외원정도박빅뱅승리오늘대법원선고심선징역년개월,Social
조국왜나를거짓말쟁이로모나사표낸적없다받지않는데어떡해,Social
퀴어축제서울광장서열릴까또시민위원회로넘긴서울시,Social
무섭게오르는경유생계막막한디젤차운행업자들,Social
전기차폐배터리재사용이찐친환경리사이클링속도연중기획지구의미래,Social
에기술매국삼성자회사직원들기소,Social
여성명이일생동안아기명낳을까말까뉴스투데이,Social
도로점령한유세차량간판가리는현수막도넘은선거유세에시민들불만,Social
부산서대여성고독사반년간몰랐다,Social
호텔서바닷가서세대우리는놀면서일해요,Social
부오늘의주요뉴스,Social
노동자파업이업무방해죄인가년만에결론내리는헌재,Social
지하철역무원과건보공단콜센터상담사들이파업하는이유,Social
최장미제사건파업이업무방해죄오늘년만에결론대법선유죄,Social
김만배돈없는데어쩌라고그날서초동식당서무슨일이,Social
새벽시까지스마트폰쓰는살스마트폰중독초등생년새,Social
사전투표송영길오세훈권수정토론첫자대결,Social
노조특근거부도업무방해죄헌재년만에결론,Social
서울대서월급받아온조국공식사의표명도안했다,Social
택배기사또뇌출혈사회적합의에도여전한분류작업,Social
화이자원숭이두창큰걱정안해상황지켜봐야,Social
육군지원년새감소서울대올해명역대최저,Social
임금피크제는연령차별인가오늘대법원첫판단,Social
손흥민이요공정의또다른이름이죠세대에열광하는이유,Social
인사정보관리단법무부장관직속인데독립운영실현가능할까,Social
정부검찰식경찰통제기수파괴자문위엔포진,Social
취임검찰수뇌부검수완박한목소리법조계사전입법영향평가필요,Social
다시찾아온특수통의전성시대한동훈반부패수사부몸집키울까,Social
오늘법사위간호법상정불발결론까지장기간갈등불가피,Social
서울역에서가장담배피기좋은곳어디인지아십니까,Social
왕장관우려에발뺀법무부우리가인사검증전담아냐,Social
결국또국민차접종여름재유행대비책시급해졌다,Social
차접종면역감소본격화하는데재유행대안없는정부,Social
공무원군인사학연금은불치병국민연금보다더먼저수술해야최광숙의,Social
개방된청와대속경주불상은아직도갇혀있다,Social
장수군수선거서현금덜미그것도두명이나,Social
먹고살기힘드네원앙잉어,Social
채드윅국제학교무조건입학시킬수있다넉달치억학원비일까로비자금일까판결을열다판도라,Social
남욱곽상도가사업무산막아줬다고들어,Social
너무미안해년간뇌병변딸돌보다살해한엄마영장기각,Social
치킨뼈화석플라스틱화석나올지구쓰레기지층파보니,Social
택배기사또뇌출혈사회적합의에도여전한분류작업,Social
동창생성노예로부리다숨지게한대항소심서징역년,Social
날씨전국곳곳빗방울낮더위주춤,Social
성매매알선빅뱅승리오늘대법원선고심징역년개월,Social
한손엔검찰한손엔인사모든길은법무부로통한다,Social
세계최고공항의민낯방치된난민들배고프고목말라요,Social
왕따당했고간호조무사때노인싫어져호선폭행녀선처호소,Social
소각장발전소전국서님비몸살선거가혐오부추긴다,Social
만쓰레기산옆주민년참았다수도권매립지전쟁,Social
카페서공부하다범법자돼경찰도괴로운코로나크리미널,Social
법무부검찰국처럼행안부에경찰국검토독립성논란예고,Social
싸이떼창에눈물난다만열광년만의대학축제들썩,Social
문화재재산권검단왕릉뷰아파트월입주대법판단은그법알,Social
특정연령부터임금피크제차별일까오늘대법판단,Social
종목추천문자가또내가주식하는거어떻게알았지,Social
단독조국이만든규정칼대는한동훈형사사건공개금지개정,Social
르포외식이요집밥도무서워요장바구니물가상승에서민들한숨,Social
원정도박등승리오늘대법선고심징역년개월,Social
군산비행장소음억보상앞집주고뒷집왜빼나반발이슈추적,Social
신율박지현사과내용불분명감흥도없어용퇴국민이결정,Social
인간에대한예의없어서민진중권손절선언,Social
세상만사보이스피싱범등친전직보이스피싱범,Social
우리장관인사검증을왜법무부가세종관가도의구심,Social
괴롭힘신고했더니더높은상사가다칠수있다취소종용합니다그래도출근,Social
위안거리에서짐덩어리로거리두기해제되자늘어나는유기동물,Social
영상종로구안국동음식점서불영업종료후내부화재,Social
법무부차검증실무만장관은중간보고안받아,Social
단독이예람사건특검보에유병두이태승손영은,Social
서울신통기획호재개발천호구역심의통과,Social
근로시간임금체계유연화내걸었지만반발변수,Social
단독스포티비운영사대표송치로비는혐의없음,Social
오미크론이부른사망급증월만명넘어역대최다,Social
성도착자자살충동대자격증올리자쏟아졌다이슈탐사,Social
헐거운가스관이온난화주범거짓말같다고요사실입니다,Social
법무연수원연구위원명장관정책보좌관발령이례적인사뒷말,Social
올여름일본여행수요폭발조짐재팬코로나보복심리,Social
뭐라도해야왕년의사장님들도경비서고택배옮겨,Social
개미처럼벌어주고설거지용고무장갑뭐가좋나찾는은퇴남들,Social
황혼이혼년새배이상증가아직살날많다며개인의행복찾아,Social
황혼이혼년새배이상증가아직살날많다며개인의행복찾아,Social
진보진영텃밭인천부평구대후보간양보없는맞대결,Social
세종전문가들이맞붙는지방선거표심은어디로,Social
양재동복정역버스전용차로로연결,Social
이르면여름코로나재유행하루만만명확진,Social
경찰군위군수십명선거용위장전입의혹수사,Social
억비자금조성혐의신풍제약임원송치,Social
소로스러의우크라침공차대전시작일수도,Social
법무부경찰정보활용해인사검증장관도정보접근차단,Social
도심건물에서채소재배밭보다배수익,Social
서민진중권손절선언의견다르면화내고막말예의없다,Social
용서해줘년세월에도잊지못했다사라진아이들명,Social
자막뉴스부산롯데백화점당장영업중단위기무슨일,Social
원숭이두창해외유입막는다검역검사강화,Social
돌멩이까지넣어버린마약주사기낚싯줄에덜미,Social
행안부장관사무에치안추가해공룡경찰견제경찰중립성은어쩌나,Social
양재복정중앙버스전용차로만든다,Social
폭염에아이시간방치번개모임나간엄마감형왜,Social
여론조사세이상명중명김홍규후보지지,Social
골칫덩이길막선거현수막학생목걸림사고까지,Social
법무부한동훈소통령비판에맞불민정실겨냥음지밀실,Social
돈달라는곽상도에김만배당장못준다며탁자내리쳐,Social
배국환신상진성남시장자격없다준비없이남의실적이나뺏는다며,Social
친모사고사위장대과거에도고의사고시도정황,Social
이준석이장우서철모당선되면당차원적극지원할것,Social
목뼈골절대폭주족경찰고소시민들은경찰잘했다칭찬릴레이,Social
단독에쓰오일폭발사고인재회사측과실인정,Social
법원강용석뺀경기도지사후보토론방송금지,Social
천여차례성매매시켰다동창생숨지게한대,Social
부산초고층타워건립미루던롯데백화점영업중단위기,Social
만취화물차가인도덮쳐명사망,Social
양귀비재배비닐하우스농작물절도신고순찰중딱걸렸다,Social
전두환자녀들이어손자녀들도상속포기검토,Social
남양주개물림사망사건견주년만에구속재판받는다,Social
호선휴대전화폭행대간호조무사실습때노인싫어졌다,Social
속보내일만명가능성신규확진만명명,Social
날무시해대직장후배명에게흉기휘두른대,Social
너무미안해년돌본뇌병변딸살해한친모영장기각,Social
오미크론정점찍었던월사망자사상첫만명대,Social
코로나여름재유행땐만만명병상대응가능,Social
삼성자회사연구원반도체세정장비기술억받고빼돌려,Social
경북군위군수후보내친척인데지지해줘돈건넨대구속,Social
술주문하고나미성년자신고할까요이렇게돈뜯었다,Social
버스때문에기분나빠서경찰단속에한문철도갸우뚱영상,Social
고의적자해청소년사망원인년째위명중명은심한우울감,Social
화물택배운수줄파업예고노동정책반발기류,Social
코로나병상만여개지정해제재유행때최대만명예상,Social
경찰이다사기범등친사기범,Social
남욱김만배곽상도저격컨소시엄무산위기해결,Social
낚싯바늘때문에덜미잡힌필로폰사범,Social
단독이번엔새마을금고직원이억횡령돌려막기하다제발저려자수,Social
치마펄럭여학생만찍었다롯데월드몰카사건전말은,Social
음주운전화물차에자전거타고가던시민참변,Social
김건희사건추가배당관련사건공정성시험대,Social
송경호체제대장동수사재시동전망추가인사가능성도,Social
조국사직요청안받아줘서월급받아서울대사의표명없었다,Social
인천시장후보상호비방듣지도말자지방선거초점,Social
말기암투병중증장애딸수면제먹여숨지게한친어머니구속영장기각,Social
크랩두창비축백신만명분우리가못쓰는이유는,Social
평화로걷던대차에치여숨져운전자입건,Social
몇잔안마셨는데관광객도음주운전적발,Social
호남고속도하행선서톤탱크로리불시간정체,Social
조선왕릉서역사공부거리두기풀리니인기,Social
바다에버린마약주사기낚시꾼바늘에덜미,Social
중학교석차평가안하는데학원장학금이유로확인요구,Social
인사라인에검찰출신수두룩민정실폐해더커질수도,Social
홀로남는전북특별자치도추진대안없나,Social
동창생회성매매시킨대항소심서징역년형,Social
대낮음주운전트럭이행인덮쳐명사상,Social
행정경험힘센머슴최대기초자치단체수원,Social
학교절반이발암물질석면철거도아찔,Social
노래방서고교생잔혹흉기살해대징역년,Social
사저방문한이낙연출국계획보고드리고점심함께했다,Social
기술넘어간종착지는중국국영연구소,Social
반도체장비기술유출혐의명기소,Social
단독김관영도지사후보석사논문표절의혹문장개동일,Social
친모사고사로위장한아들과거에도고의사고시도정황,Social
경찰사칭에속고신고에들통보이스피싱수거책잇단검거,Social
새마을금고직원명년간억횡령최근잇단횡령적발에자수,Social
강용석가처분인용김은혜김동연양자토론방송금지,Social
대형타워크레인와르르출근길운전자들큰일날뻔,Social
대낮만취트럭기사인도돌진명사상날벼락,Social
강용석손들어준법원경기도지사토론방송금지가처분인용종합,Social
양산시장후보토론열띤공방전펼쳐,Social
추천부터검증까지출신이정부인사장악,Social
비만땐코로나위중증위험높다,Social
코로나가부른잔인한월사망자최다,Social
남욱곽상도가대장동컨소시엄와해막았다들어,Social
백운기의뉴스와이드고개숙인박지현질타하는지도부민주당내홍계속김치찌개따로국밥국수윤석열대통령의식사정치,Social
술주문뒤나미성년자신고할까요돈뜯은중학생들,Social
학생붙잡아감금의혹대학평가좋게받으려,Social
단독이번엔새마을금고직원이억횡령돌려막기하다제발저려자수,Social
권도형의새루나결국나온다고래투자자들압도적지지,Social
바다에몽땅버린마약투약도구낚싯줄에덜미잡혀,Social
에너지안보위한에너지믹스,Social
포항쓰레기산원룸알고보니청년은둔형외톨이,Social
온몸수포원숭이두창성행위로전염되나전문가의견은,Social
법원강용석빼고김동연김은혜양자토론불가,Social
제주지사허향진오영훈제주을보선접전,Social
노래방주점서업주돈뜯은중학생들술시켜놓고미성년자다,Social
펜션피범벅만든손님의일침장사그렇게하지말라,Social
재판간고깃집환불갑질모녀배달앱점흔한데공론화너무해,Social
제주시을여론조사부상일김한규초접전,Social
김주하의그런데경찰수사일국민은속탄다,Social
문어낚은줄알았는데낚시객바늘에마약주사기,Social
법원강용석가처분신청인용김은혜김동연양자토론무산,Social
가족이란학교밖청소년나에게는꿈이있습니다,Social
만취화물차냅다인도로마른하늘에행인날벼락,Social
밀착카메라서울사는데강원도후보가문자폭탄의비밀,Social
전두환전대통령자녀상속포기원고손자까지책임묻지않겠다,Social
법원김은혜김동연양자토론제동강용석가처분인용,Social
잇따른음주운전사고로명사망만취운전자명에구속영장,Social
징계전력자잇단발탁에공정외면,Social
전남교육감여론조사김대중장석웅동률초박빙,Social
피싱범등친전직피싱범경찰사칭해만원빼앗아,Social
어린직원들이나를무시해서직장동료에게흉기휘둘러,Social
국민의힘포항남구책임당원무더기강제탈당시끌,Social
임신부에게태아기형위험난임치료제주사,Social
살인견견주발뺌하더니불법개사육장주인맞았다,Social
년돌본장애인딸살해한엄마딸에게미안해요,Social
현금다발세는모습이수상해피해자도우려다피싱범잡은시민,Social
이예람중사특검보명임명이태승유병두손영은변호사,Social
법원김동연김은혜만참여한토론회방송금지가처분강용석웃었다,Social
원숭이두창해외유입차단위해검역검사강화한다,Social
항타기무너져도로덮쳐사고잇따르지만안전지침없어,Social
어머니계단서밀어살해한아들구속아버지도다른사고로의식불명,Social
남욱김만배과장많아특히돈관련해선믿지않아,Social
기앞돈다발피해자인줄알고보니현금수거책,Social
나경찰이야피싱범속여돈가로챈전직피싱범,Social
확진자방문낙인에폐업까지정부보상은겨우만원,Social
낚시꾼에딱걸린마약사범주사기개든봉지낚여덜미,Social
호선폭행녀최후진술간호조무사실습때노인싫어져,Social
살피해자이름반복검색실검챌린지도전원선처,Social
대낮에만취화물차인도덮쳐자전거타고지나던행인숨져,Social
시청면담요구노조원끌어내고체포경찰대응강경,Social
경찰내부인사정보업무법무부이관에불편한기색,Social
여자행세한유튜버방송도중폭행한대남성경찰조사,Social
이슈체크원숭이두창코로나처럼변이백신치료제는,Social
대낮만취한트럭인도로돌진행인명날벼락,Social
단독학대장애인시설내부고발의심직원폭행까지,Social
전두환자녀들상속포기역사책임손자녀엔묻지않을것,Social
원숭이두창첫공식안건논의국내감시체계강화한다,Social
일반공개앞둔청와대관저내부미리보기뉴시스,Social
단독술주문하고경찰신고협박돈뜯어낸중학생들검거,Social
경찰차에워싸도쿨쿨신호앞우두커니수상한알고보니영상,Social
풀뿌리언론살리지못했다는분노자책에숨겨온고통끝낼수있을까,Social
금전문제로다투다억빚아들어머니살해혐의구속,Social
인도덮친만취화물차보행자명사망명중상,Social
여기는진주담당형사다보이스피싱조직등친대,Social
법무부는차인사검증만한동훈중간보고안받는다,Social
슈퍼파워불구견제받지않는한동훈법무부에우려목소리확산,Social
거제헬기추락정비사명살리고떠나다,Social
삼성자회사반도체기술중국유출억챙긴일당기소,Social
두아들살해엄마우울증치료비로아이들맛있는것사주고싶었다,Social
년간새마을금고고객돈억횡령압박감에자수,Social
김동연측김은혜억재산축소신고선관위에이의제기서제출,Social
년돌본중증장애딸살해하고극단선택시도엄마법원구속영장기각,Social
자막뉴스이런우연이낚시꾼이건져올린건,Social
빽있다호선폭행왕따당해큰후유증눈물의진술,Social
집무실입구서대통령책상까지출입문도달라,Social
년돌본장애딸살해구속영장기각범행동기고려,Social
소통령상왕부처후폭풍전문가들인사검증을왜법무부가해야하나,Social
조무사실습때노인싫어져지하철휴대폰폭행대항변,Social
공직자인사검증단장은검사한동훈중간보고안받을것,Social
대기시간만시간손흥민보러가는길은험난했다,Social
윤핵관사촌특혜의혹강릉시장후보와경포공원,Social
전두환자녀들모두상속포기단체손자까지책임안묻겠다,Social
한동훈권한집중비판의식했나인사정보관리단삼청동설치검토,Social
선량한사람들도빠지는성차별함정소셜코리아,Social
조선왕릉서역사공부거리두기풀리니인기,Social
중학교석차평가안하는데학원장학금이유로확인요구,Social
대중증장애딸살해대친모영장기각,Social
쇼핑하는척치마아래로찰칵불법촬영잡고보니영상,Social
바다에버린마약주사기낚시객에덜미,Social
담당형사다보이스피싱조직등친대,Social
단독김관영도지사후보석사논문표절의혹문장개동일,Social
개나라확산원숭이두창국내유입대비본격화,Social
같이살지못해미안해뇌병변대딸살해한친모구속영장기각,Social
동창생성노예로부리다숨지게한대항소심서형량늘었다,Social
년돌본장애딸살해한친모판사가구속안한이유,Social
바다에버린마약주사기낚시객에덜미,Social
이예람중사특검특검보명임명유병두이태승손영은,Social
명동사채왕계략에마약사범누명국가배상소송은패소,Social
추천부터검증까지출신이정부인사장악,Social
말다툼하다홧김에대낮에동거흉기살해한대체포,Social
바다에버린마약주사기낚시꾼바늘에걸려덜미,Social
조국사직요청받아주지않아월급받는것서울대사의표명없었다,Social
급장애딸살해대친모구속영장기각삶포기않겠다밝혀,Social
년돌본뇌병변장애딸살해한친모구속영장기각,Social
남욱곽상도가컨소시엄무산막았다고들어곽억울종합,Social
에쓰오일폭발사고안전관리부실여부논란,Social
뉴스파이터젠더갈등지적에윤대통령정신번쩍들었다,Social
영웅에보청기나눈사업가년만에아버지무공훈장받아,Social
가스점검원들서울시면담요청했다경찰에끌려나와,Social
피싱피해자인줄알았더니잡고보니현금수거책,Social
수십억횡령새마을금고다급한출금행렬은행년간몰랐다,Social
지하철휴대폰폭행징역년구형왕따후유증주장,Social
살인에아들과친구들동원한대항소심도중형,Social
원숭이두창특징은심한발진해외입국자세심히살펴야,Social
전두환자녀유산상속포기손자녀도포기절차검토,Social
집에서돈가져올게요택시비만원먹튀한여성,Social
전두환회고록손배항소심종결이순자씨에게만배상권유지종합,Social
손흥민네이마르역대급예매전쟁에사이트먹통,Social
광주서음주운전톤화물차인도돌진시민명사상,Social
서울대역내렸더니걸었다이젠진짜서울대역생겼다,Social
황교익내외합창단사진과동급비판에국힘이내민사진,Social
권대희사망성형외과원장대법간다심불복상고,Social
피살공무원유족대통령기록관항의방문의몽니에오기생겨정보공개하라,Social
낚싯바늘때문에덜미잡힌필로폰사범,Social
경찰이다사기범등친사기범,Social
명동사채왕마약누명피해자국가상대손배소패소경찰공모정황없어종합,Social
고의적자해청소년사망원인년째위명중명은심한우울감,Social
초등생아들둘살해법정서오열경제적으로힘들었다,Social
출연자와싸우지말라던데초보앵커라쉽지않네요하하,Social
아줌마와옥희엄마와딸그들의년인연,Social
장성군수선도전무소속민주당후보격돌,Social
전두환손자녀모두상속포기재국이순자씨상대로만소송유지종합,Social
채무자살해에아들까지동원한대항소심징역년,Social
민주당당비노조돈으로납부기업은행노조위원장송치,Social
달리는차에뛰어와몸틀고점프역대급자해공갈공분,Social
속보국정원김정은집권이래종이상탄도미사일동시발사는최초,Social
무려회성매매등동창죽음내몬대항소심징역년,Social
백화점영업중단위기약속불이행대기업철퇴,Social
영부인집무접견실무궁화실등선공개일부터청와대본관관저내부개방,Social
이근아직귀국안한듯우크라이나무단입국처벌여부촉각,Social
남욱곽상도하나측에전화해컨소시엄무산막았다들어,Social
법무부의인사검증업무권한분산에방점뒀다종합,Social
단독이번엔새마을금고직원이억횡령돌려막기하다제발저려자수,Social
코로나병상만여개지정해제재유행때최대만명예상,Social
에스파악뮤등억대몸값억소리대학축제들썩영상,Social
김건희사건추가배당관련사건공정성시험대,Social
유희태완주군수후보선대위국영석후보측지지자명경찰에고발,Social
속보이은해조현수첫재판연기사설변호사로착실히변론준비,Social
전화개통하면만원휴대전화깡입니다,Social
대구미사용학교예정지곳지정해제검토학교설립요구주민반발예상,Social
송경호체제대장동수사재시동전망추가인사가능성도,Social
곽상도제가대장동관련돈달라한적있나억울하기짝이없다종합,Social
단독법무부인사정보관리단서울삼청동설치유력검토,Social
김학의불법출금차규근직위해제에법적대응법무부배려차원,Social
년간돌본중증장애딸살해후극단선택시도한대친모검거,Social
엄마살해하고사고로위장대아들구속,Social
폭염에살딸방치해숨지게한친모징역년확정,Social
점심먹자채무자부른뒤살해암매장한대아들도가담시켰다,Social
이예람중사특검보명임명수사준비본격화종합,Social
연식제한갈등확산중대재해우려생존권,Social
맨유는쓰레기자막실수에팬들뜻밖의반응영상,Social
전두환자녀상속포기손자에게책임묻지않겠다,Social
계곡살인이은해조현수사선변호인선임재판일정연기,Social
년간의법정다툼전두환회고록월일최종선고나온다,Social
넘어지면서목에과도찔려숨진아내보험설계사남편의미심쩍은부분들,Social
단독스포티비운영사대표억원횡령혐의송치로비의혹은무혐의,Social
김형찬노기태허위사실공표고발강서구청장선거불법증축논란,Social
인사검증까지하는한동훈검찰독재국가로가나,Social
성기선임태희경기교육감후보토론서극명한입장차,Social
명동사채왕덫에마약누명쓴대국가상대손배소패소종합,Social
명동사채왕마약던지기에년간누명국가배상소송패소종합,Social
번방성착취물편다운받은대무죄선고받은이유는,Social
동창생성노예로부리다숨지게한대항소심서징역년,Social
두아들살해친모경제적으로힘들었다범행인정,Social
지방선거영남호남권여야텃밭흔들림없다,Social
지방선거충북세종대선연장전치르듯혼전거듭,Social
지방선거민심바로미터대전충남박빙승부펼쳐져,Social
지하철버스통합정기권나온다최대환승할인,Social
호선노인폭행녀간호조무사로일하면서노인혐오생겨,Social
민정수석실삼킨법무부민간사찰검찰수사악용우려,Social
오미크론하루수십만명씩번지더니월사망자만명역대최대,Social
종합대낮술마시다다툰싸움이칼부림으로동거녀가동거남을그만,Social
조국사직의사밝혔다서울대그런적없다논란,Social
남욱김만배상도형이컨소시엄무산막아줬다고말해종합,Social
환자성추행에불법촬영까지대학병원인턴의사징역년구형,Social
성폭행의혹무혐의받은유명영화감독맞고소취하,Social
혐의인정한다금천구두아들살해대여성첫공판,Social
초등생성폭행대아동성범죄전과만년간건,Social
오세훈이재명자숙없이도피좀더다듬어질시간필요종합,Social
이근살아있어서미안아직우크라이나입니다,Social
이근살아있어서미안아직우크라이나입니다,Social
전두환전대통령자녀상속포기손배소원고배우자지분에만청구유지,Social
서비스로콜라줄인심도힘들어요생존기로에선국민야식치킨집들,Social
음주운전자몰던화물차행인덮쳐명사상,Social
내일날씨전국구름많고곳곳빗방울최저기온도,Social
용감한인터뷰혹시우리집도해커의먹잇감된아파트월패드,Social
도망가면가족죽인다종업원착취방업주징역년구형,Social
낚시객이건져올린봉지속주사기마약사범덜미,Social
지하철휴대폰폭행대최후진술간호조무사실습때노인싫어져,Social
뉴스청와대안이궁금해일집무실관저내부공개,Social
김종인인천서구청장후보투기과열지구해제촉구,Social
동거남흉기로살해한대여성현행범체포,Social
생활고에아들둘살해한엄마혐의인정정말잘못했다,Social
황운하토론회서수억원전매차익숨긴중구청장후보허위사실공표,Social
노재팬가고보복여행온다올여름일본여행폭발조짐,Social
포항무소속희망연대국회의원심부름꾼아닌포항일꾼을선택해달라,Social
손흥민보고싶은데브라질전역대급피켓팅에서버다운,Social
합의성관계이후성폭행당했다신고한대여성집유,Social
점점현실화되는법무부검찰화핵심간부에출신속속꽂아넣을까,Social
포항해도동조민성후보전부거짓주민들즉각검찰에고발하겠다,Social
만취해운전하다도로에앉은남성숨지게한대남성구속영장신청,Social
대들착취한노예방업주징역년구형,Social
동거남살해한혐의대여성검거경찰술마시다다툰듯,Social
내일부터개방되는청와대본관미리보기,Social
누구는셋방살고누구는임대주고지자체청사의두모습,Social
광운대자격미달지원자교원채용교육부감사서적발,Social
빽있다던지하철휴대폰폭행대재판서눈물,Social
개인파산급감알고보니사채써야할판자영업자하소연,Social
막힌도로서툭나온오토바이와쿵내가과실영상,Social
서울공고교직원추락사중대재해법처벌대상보니조희연,Social
남욱곽상도가하나은행회장전화해컨소시엄깨질위기막았다고들어,Social
성매매속여채팅유인폭행당한여장유튜버,Social
남욱김만배로부터상도형이컨소시엄무산막았다고들어,Social
원숭이두창전세계확산유럽여행주의보,Social
생활고에초등생두아들살해한엄마첫재판서정말잘못했다,Social
남욱검찰이선처약속해귀국했는데돌변회유없었다,Social
왕따당한탓간호조무사실습때노인싫어져호선폭행녀의변명,Social
진보교육감전성시대막내리나곳곳서보수후보와접전,Social
함양군지선무소속연대명향방주목,Social
다이어트열심히해도부분비만왜그대로이것부터해야,Social
친모사고사위장혐의대아들한번이아니었다,Social
모르고받은택배가마약그래도처벌,Social
국제학교입시복마전채드윅꼭보내줄게믿고건넨억대학원비사기일까판도라,Social
김은혜김동연비방전갈수록과열거액후원금재산허위신고,Social
주임신부에난임주사투여황당한의료진실수,Social
정부연금개혁국회주도로사회적합의어려워,Social
개인파산감소착시였나채무유예빚폭탄터진다,Social
단독노조돈으로민주당당비냈다기업노조위원장검찰송치,Social
내일더위식혀줄비소식전국구름많아,Social
남양주개물림사망사건견주년만에구속기소,Social
지그재그내달리던음주운전화물차인도돌진시민참변종합,Social
명사망안철수대선유세차량불법개조업체관계자명송치,Social
오세혁경산시장후보무소속돌풍이불고있다지지호소,Social
전두환회고록손배항소심년개월만에변론종결,Social
김학의출금의혹차규근직위해제법적대응적법인사종합,Social
동창생성노예로부리다숨지게한대항소심서징역년형,Social
영상계단밑에서현금다발을도움주려신고했다가범인잡았다,Social
말다툼하다동거남흉기로살해한대여성체포,Social
박종근신임제주지검장검찰수사권필요성증명하겠다,Social
단독장애인의날수업서담임교사우리반에도장애인있다승민이따돌림이시작됐다,Social
피해자인줄알고신고했다가보이스피싱수거책잡았다,Social
죽을죄지었다생활고에두아들살해한엄마첫재판서혐의모두인정,Social
남욱김만배곽상도가컨소시엄무산막았다고해,Social
온라인서판치는김건희도용쇼핑몰이것도김여사잘못이라는황교익,Social
바다에버린마약주사기낚시객에덜미,Social
월사망자역대최다로처음만명넘어이유는,Social
이준석이재명저격수된다,Social
담당형사다보이스피싱조직등친대,Social
전두환자녀들상속포기손자까지는역사적책임묻지않겠다,Social
학부모들이보고뒷말교사라고사생활까지맞춰야하나요,Social
현대일렉트릭현대건설기계노사임단협차잠정합의,Social
프레스룸날씨오늘까지낮더위이어져요밤부터곳곳비,Social
너무미안해뇌병변딸살해한친모의오열,Social
동거남흉기살해한대사람찔렀다직접신고,Social
직업의재발견꿈을짓는사람들목수,Social
유우성보복기소검사검찰발기사숨기고거짓해명,Social
빈자리있는데거리두기불만식당서난동대심서징역월,Social
개나라확산원숭이두창국내유입대비본격화,Social
단독새마을금고직원년간억횡령나도걸릴까봐자수,Social
법무부인사검증조목조목해명에도공안통치비판봇물종합,Social
노인싫어해지하철휴대폰폭행녀왕따후유증호소,Social
축제슈퍼위크대학가들썩티켓학생증거래과열종합,Social
성폭행무혐의유명영화감독맞고소취하,Social
대아들과채무자살해암매장대항소심년형,Social
년간호중증장애딸살해한친모오열정말미안해,Social
후보자명중명만참여대구시장후보자토론시끌,Social
초등생딸년반동안등교안시킨아빠법정서한이상한변명,Social
발달장애죽음반복돼선안돼추모물결잇따라,Social
이번에는꼭성공누리호차발사월일,Social
나경찰빽있다대여성징역년구형,Social
윤형선계양을후보선대위이준석대표선거운동원임명,Social
정신진단받아볼걸후회지하철서대폭행한대여성왕따후유증호소,Social
전주에서동거남흉기로찔러살해한대체포,Social
문전대통령사저마을주민들집회로못살겠다호소,Social
지그재그내달리던화물차인도돌진시민참변,Social
파일일일이확인안한듯아동성착취물편보관한대무죄,Social
민주성남수사는선거개입정부정치보복중단해야,Social
남욱김만배상도형이컨소시엄무산막아줬다했다,Social
우리만나게해주세요실종아동부모모두하고픈말,Social
오늘의운세월일목요일음력월일,Social
호선폭행녀최후진술간호조무사실습때노인싫어졌다,Social
용변보다가따끔변기속뱀에엉덩이물린말레이남성,Social
편히쉴우리집없나요멸종위기종고리도롱뇽수난시대,Social
년만에순경치안정감송정애나는여경이아닌경찰이다,Social
대낮도심서음주운전화물차인도덮쳐광주서명사망명부상,Social
새마을금고대직원수십억원대횡령사실자수확인된피해액만억원,Social
경찰빽있다던지하철폭행녀왕따당해후유증징역년구형,Social
중대본회의에올라간원숭이두창변이가능성은백신치료제는있나뉴스룸예고,Social
돌려막기수법으로억빼돌린새마을금고직원피해자십여명종합보,Social
전두환자녀상속포기손자녀상속받는다면이는취하하겠다,Social
단독양주시고형연료발전소불허가패소판결에항소결정,Social
년간억횡령새마을금고직원자수,Social
영상좌회전하던버스가끼어들기과잉단속논란에경찰은,Social
말다툼끝홧김에동거남흉기로찔러살해대여성체포종합,Social
양산사송지구아파트공사로멸종위기종고리도롱뇽수난,Social
항상투명해야하는각막급하면세포출동한다,Social
시속폭주운전사고로명사상대금고형,Social
양재동복정역구간에중앙버스전용차로들어선다,Social
어린이집관둔교사아동평균수준낮아져부모학대도심각토로,Social
동거남에흉기휘둘러숨지게한혐의대붙잡혀,Social
단독양주고깃집환불요구행패목사모녀벌금형구형,Social
의료진갈라치기간호법제정철회하라부산경남의사간호조무사궐기대회,Social
법무부한동훈인사추천소통령논란에왜곡된주장반박,Social
장날르포장수군수후보들장수시장서민심잡기경쟁,Social
삼성반도체세정기술해외유출적발전연구원등구속기소,Social
정의선회장내달대우와사돈맺는다,Social
법무부인사검증법위반논란에검사파견꼼수합법화까지,Social
정경심재판위증의혹최성해전동양대총장불송치,Social
콘텐츠빼돌려돈쓸어담은중국인이년간저지른일,Social
돈있으면때려봐폭력전과범대술취해행패부리다징역년,Social
검찰대들착취한노예방업주징역년구형,Social
소수점까지같은지지율원주시장선거초박빙지방선거초점,Social
박종근제주지검장불법체류자범죄경찰과긴밀협조,Social
영상건물관리인의촉보이스피싱피해자인줄알고신고했는데,Social
빗발친우박에풍년기대와르르경북과수농가망연자실,Social
단독론스타판정은월이후로년분쟁결과초읽기,Social
경북교육감임종식후보압수수색은왜받으셨어요학생질문에곤혹,Social
살아있어미안귀국앞둔이근에올린글,Social
단독한건당만원대보이스피싱현금수거책구속,Social
누리호차발사월일실제위성싣고우주로,Social
넥타이안경이어시계까지한동훈시계에마니아들관심,Social
햄버거세트로못먹나탄산이어감자튀김대란우려,Social
영상붐대꺽이면서쿵출근시간에크레인전복,Social
친모사고사위장대아들과거에도고의사고시도정황종합,Social
새마을금고도횡령사건년간억빼돌린직원자수,Social
결정의시간다가오는데광주광주일보선거보도아쉽네,Social
정부여름재유행하루확진만만명예측원숭이두창차단더강화,Social
억가짜세금계산서로작업대출검찰보완수사로사기단적발,Social
당사자는우린데교사학생목소리는어디있나요키워드로본교육감선거,Social
전두환자녀들유산상속포기손자녀들에게까지책임묻지않겠다,Social
명동사채왕에누명대국가상대소송패소,Social
씨젠전세계서생활검사캠페인나선다,Social
장수야산서군수후보지지금품제공의심음독생명지장없어,Social
말다툼끝에동거남흉기로찔러살해한대여성체포,Social
명동사채왕사건연루돼년간누명국가배상소송패소,Social
년전성폭행무혐의에유명영화감독맞고소취하,Social
영상무게톤대형항타기도로덮쳐아찔,Social
여년방치돼지역개발발목잡은주인모를필지소유자찾는다,Social
청소년인구쪼그라드는데다문화학생년만에배급증,Social
제주평화로걷던대여성렌터카에치여숨져,Social
표적이된전교조전교조교육은혐오표현,Social
남욱김만배상도형이컨소시엄무산막아줬다고말해,Social
남욱검찰애초자진귀국시선처약속입장돌변,Social
대낮에아파트서동거남흉기로살해한대현행범체포,Social
양배추가격만치솟는채솟값에시민들시름,Social
검찰영풍재판준비부터날선공방카드뮴유출책임입증관건,Social
영상젤렌스키푸틴과직접대화만할것나우어스,Social
지하철휴대전화폭행대여성징역년구형,Social
인터뷰지선부울경최연소출마자살대학생이선거에나온이유는,Social
무더위에살딸방치해사망케한엄마상고끝징역년,Social
인천교육감선거과열후보간의혹제기고발,Social
경찰빽있다던지하철폭행재판서왕따로후유증커호소,Social
일회용컵보증금유예에도시끌,Social
정경심재판모해위증의혹최성해동양대총장불송치,Social
강용석양자토론가처분신청심문기일출석,Social
비닐하우스공장서전선자전거등회상습절도대노숙인구속,Social
김학의출금차규근직위해제에반발법무부적법진행,Social
이제는영어수학코딩의시대사고력키우는교육이핵심,Social
빗길운전전신주들이받고조치없이도주혐의대무죄,Social
설악산지게꾼임기종씨기념품호대통령시계받았다,Social
손길마다하고버티다쓸쓸하게생마감한대독거여성,Social
한동훈교정공무원인사보수근무환경등처우획기적으로개선해야,Social
아까시꽃너머산불상흔오롯이동해옥계산불그후,Social
성소수자군인에성관계추궁수사자료공개하라,Social
김학의불법출금차규근직위해제에반발법무부절차상문제없다,Social
탄산가스부족때문에공장문닫을라울산산업계대란우려,Social
김학의불법출금차규근직위해제법적조치예정,Social
바다에버린마약주사기낚시바늘에걸려덜미영상,Social
우리딸미안해년돌본암말기장애딸살해한엄마눈물,Social
나경찰빽있다검찰지하철휴대전화폭행녀에징역년구형,Social
축의금만하루만원미뤘던결혼식쏟아지자난감하네,Social
번지시선윤대통령첫주재규탄확장억제조치,Social
남욱김만배상도형이컨소시엄무산위기막아줬다고말해,Social
폭행혐의바이든경호원이미미국갔는데처벌어떻게,Social
관가퍼진한동훈포비아법무부독립성보장이례적해명,Social
안철수유세차량불법개조업체관계자명검찰송치,Social
민주당인천시당이영훈국힘미추홀구청장후보거짓선동멈춰라,Social
작년저임금근로자비중로줄어년연속미만종합,Social
지하철서스마트폰으로노인수차례가격징역년구형,Social
뉴스한미정상회담얻은것과잃은것은,Social
독일원숭이두창감염자접촉자주격리권고유럽확산가능성,Social
병원까지갔다제발멈춰라사저주민들극우에집단항의,Social
차례성매매강요학대동창숨지게한대항소심서징역년,Social
한동훈법무부간부간담회소집교정공무원처우개선지시,Social
명동사채왕휘말려마약범누명국가상대손배청구심서패소,Social
거제시장선거전국민의힘박종우청색등민주당변광용적색등,Social
대구시장후보가쏘아올린부대이전이전보다쉬울까,Social
반칙왕우승희후보이보라미정의당영암군수후보직격,Social
대학교내이것덕분에우울증극복했습니다,Social
오토바이폭주족경찰조롱해도과잉진압우려소극적대응논란,Social
베트남등개국단체관광객양양공항서무비자입국가능,Social
이용섭광주광역시장임기말알박기인사강행논란,Social
동업자속이려노원구청공문서위조건설업자실형,Social
황운하김광신수억소득세설명못한것은허위사실공표,Social
층규제받던천호동구시가지층아파트재개발,Social
전두환자녀상속포기손자에게까지역사책임묻진않겠다,Social
안철수대선유세버스사망사고업체대표구속송치,Social
정의당광주시의원명맥끊길라다시한번기회를배사과,Social
남양주개물림사망사건견주년만에구속기소종합,Social
제주대무면허폭주족단속경찰에칭찬쏟아진이유,Social
차량에천만원현금모장수군수후보자원봉사자구속,Social
아동학대혐의유치원교사항소심심집유깨고무죄,Social
단독피아니스트번째음주운전으로실형선고,Social
항생제클로폭톨코로나치료제로개발되나,Social
대낮만취대운전트럭인도로돌진명사망명중상종합,Social
검찰명예회복절차착수전검찰청점검나설것,Social
계곡살인이은해사선변호인선임첫재판내달일로변경,Social
유세버스일산화탄소중독사고불법개조업체관계자명검찰송치,Social
치마입은여성만골라불법촬영롯데월드누군가오해했다,Social
세딸폭염속사흘방치숨지게한엄마징역년확정,Social
성노예로부리며폭행협박동창생죽음내몬악마형량늘었다,Social
동창생성착취대여성항소심서년추가징역년형,Social
강용석양자토론회명백히공정성상실가처분인용될것,Social
년간억원빼돌린새마을금고직원자수횡령금사용처확인중,Social
김진태정선에서추진하는사업챙겨지역발전앞당기겠다,Social
법사위상정앞둔간호법두고대립격화,Social
법무부직속공직자인사검증조직에한동훈이라논란썰전라이브,Social
소통령비판에법무부한동훈인사관리단중간보고안받을것,Social
충청권지방은행설립탄력만서명돌입여당지원약속등,Social
하루시간일하고월급만원평균직장인입니다,Social
인천시인천음카드대행사코나아이에특혜행안부담당자징계권고,Social
지하철휴대폰폭행대년구형왕따당해후유증,Social
동창생그루밍성매매강요한대여성심서징역년년,Social
틈새로치마입은여성촬영의혹롯데월드측입장은,Social
임태희현직이재정교육감에정치적중립의무지켜라,Social
번방성착취물수백개보관한대무죄받은이유,Social
경실련광역단체장후보가농지보유총만천평,Social
한동훈권한얼마나커지나중심으로청와대법무부검찰연결이슈,Social
단독라임몸통김영홍친척필리핀현지서체포됐지만바로석방,Social
수치심느꼈다좌회전경찰단속에억울한버스기사한문철도의문,Social
학생증만원에빌려드려요돈벌이된대학축제,Social
김영환노영민세몰이치열지지선언잇따라,Social
격전지충남승기잡자국민의힘지도부총출동,Social
억가짜세금계산서로억대코로나대출사기,Social
발달장애가족죽음더는없어야시민사회추모물결종합,Social
조희연학력저하책임론에진보탓부당이념공격종합,Social
법무부권한비대국정원우려년에수천명왜이다해야하나,Social
명동사채왕마약던지기누명피해자국가배상소송패소,Social
제주평화로걷던대렌터카에치여숨져,Social
안락사의사조력사망찬성비율넘었다,Social
금전문제로다투던어머니살해한아들구속,Social
서울시의회초선경쟁되풀이거수기전락우려,Social
보대낮전주서동거녀가동거남에게흉기휘둘러동거남사망,Social
김학의불법출금차규근직위해제반발법무부적법절차종합,Social
투표지촬영인증샷이것만조심하세요,Social
극단선택청소년한해무려명년째사망원인위,Social
제주평화로걷던대여성차에치여숨져,Social
청와대밀실검증바꾸자니한동훈소통령논란,Social
어머니계단서쓰려져있다신고한아들존속살해혐의구속,Social
여차례성매매강요에가혹행위동창생숨지게한대항소심서징역년,Social
전자발찌끊고여성명살해강윤성일국민참여재판,Social
김학의불법출금연루차규근직위해제법적조치종합,Social
억허위세금계산서로억코로나대출사기일당,Social
마구던지기식의혹제기에김동연김은혜강용석고발,Social
단독떼죽음으로홍역치른남해안굴이번엔종자비상,Social
입원숨지자요양병원가스누출위협대집행유예,Social
인천첫교육감보수단일후보거리유세호응,Social
대여성명중명은년이상비경제활동상태,Social
장수군수선거관련금품전달의혹대극단선택시도,Social
운전중시비붙자흉기로협박대집유,Social
돈있어도버스못타현금없는버스에소외되는노인들,Social
산청군수후보자토론회주제토론자질공약검증공방,Social
한국타이어아시아최대규모테스트트랙한국테크노링오픈,Social
곽상도대장동개입증언또나와하나은행회장과통화했다더라,Social
박선영서울시교육감후보막말논란조전혁후보에사과대신사퇴하라,Social
또래여성차례성매매시키고학대해숨지게한대심서징역형,Social
소쿠리투표재발않도록핫라인개설원숭이두창검사체계확대,Social
경찰억비자금조성신풍제약임원기소의견송치,Social
결혼앞둔여성시간감금폭행대구속다른남자와술마셔서,Social
년간한국방송콘텐츠불법송출한중국국적자입건,Social
강규형돌려받게된소송비결국대신이낼판,Social
올여름재유행온다면최대만병상감축에도대응가능,Social
남욱김만배상도형이하나은행회장과통화했다고말해,Social
김만배곽상도향해돈이없는데어쩌라는거냐언성,Social
영상음주운전차량인도로돌진명사상,Social
주기환국힘광주시장후보측한전공대특혜채용의혹밝혀야,Social
중증장애딸암판정에수면제먹인같이살지못해미안,Social
단독정권눈치봤나경찰결국안전속도뒤집었다,Social
투표인증샷찍을때이것만조심하세요,Social
이번엔새마을금고년돌려막기로억원횡령,Social
반도체세정장비기술통째로해외유출일당적발,Social
광주에반도체공장세우자선거후지역이슈로부상할듯,Social
고객예치금억원빼돌린새마을금고직원압박감에자수,Social
빚떠안고형사처벌까지신변종사기내구제대출주의보,Social
싸이에스파도온다더라년만에돌아온억소리나는대학축제,Social
법무부인사검증권한아닌책임왕장관비판반박,Social
오미크론확산에월사망자역대최다사상첫월만명넘었다,Social
부마항쟁피해우리딸풀어줘감사유족보상금기부,Social
이은해사선변호인선임첫재판내달일로변경,Social
단하루차례보이스피싱피해금수거책역할한대무죄,Social
부산아파트서홀로살다숨진지개월넘은대발견돼,Social
성관계합의해놓고성폭행당했다신고한대여성결국,Social
순천드라마촬영장이노래졌다황금색금계국물결장관,Social
김영록전남지사후보민주당호남정치독점론강력반박,Social
개월간회성매매강요당해결국숨진대,Social
리셀가만원정용진자랑한한땀한땀운동화화제,Social
들킬까봐자수새마을금고직원년간억횡령미변제만억,Social
건물주어머니계단서밀어살해한대아들구속,Social
영화원라인처럼코로나대출가로챈조직은행원도꼈다,Social
군수에게욕을해두고봐라주민에게문자보낸청양군수후보,Social
단독년전성폭행미투유명영화감독맞고소취하,Social
공천탈락포천무소속시의원돌풍부나지역정가주목,Social
원숭이두창개국확산당국유입가능성검사체계확대,Social
국민의힘천안서중앙선대위현장회의이준석충남선거아주중요,Social
낚시꾼건진봉지에주사기마약투약명덜미,Social
경찰포상하라목뼈골절대폭주족소식에시민들검거잘했다칭찬릴레이,Social
김은혜국민의힘김동연민주당경기도지사후보선거일주일앞두고바쁜일정소화,Social
순찰하던경찰에딱걸려도심서발견된양귀비재배비닐하우스,Social
동창생성노예로부리다숨지게한대항소심서징역년형,Social
꿈에서바람피웠다고연인살해미수중국인심서감형,Social
부산해운대구청장후보지지도김성수홍순헌,Social
홍준표상대하는서재헌경북대생들질문에답하다,Social
김학의불법출금차규근직위해제이중불이익반발,Social
고수익알바유혹대보이스피싱수거책검거,Social
조형물박살낸아이만원받아낸장난감매장의반전영상,Social
지하철휴대폰폭행징역년구형왕따후유증주장,Social
편의점알바관뒀더니블랙리스트올라간다협박한점주,Social
단독전여자친구끈질기게스토킹한대구속보석구속,Social
마약주사기버렸다가낚시꾼에덜미조폭등대명구속,Social
오미크론유행넉달비코로나초과사망자만명,Social
야산텐트에노숙하며전선훔친대공장가동멈추기도,Social
남욱김만배상도형이컨소시엄무산위기막아줬다고했다,Social
지하철서아버지뻘대휴대폰폭행대여성징역년구형,Social
민주또내로남불용퇴송영길엔입꾹닫박지현엔이게지도부냐,Social
중대본원숭이두창유입대비해전국검사체계확대,Social
정종혁인천시의원후보청라동메타버스메카로,Social
안철수유세차량불법개조업체관계자명검찰송치,Social
휴대전화개통하면급전당일지급내구제대출주의,Social
명동사채왕마약던지기에년간누명국가배상소송패소,Social
모두가절죽였다이예람특검의과제유서에있다,Social
남욱김만배상도형이하나은행회장과통화했다고말해,Social
남자친구에성폭행당했다허위신고한대무고죄로집유,Social
동창생에성매매회강요가혹행위한대항소심서형량징역년,Social
창녕군수선거후보매수로술렁고소고발로진실밝혀라,Social
최계운인천교육감후보도성훈재직시법카살펴보니,Social
롯데테마파크에워터파크까지가세어린이어른모두즐겁다,Social
또횡령년간억빼돌린새마을금고직원자수종합,Social
원숭이두창동성간성행위로전염감염내과교수체액에잘없다,Social
음주운전자몰던화물차인도침범명사상종합,Social
계곡살인이은해조현수첫재판연기변호인교체로,Social
말기암중증장애대딸살해한친모미안하다같이살지못해서,Social
이예람중사사망안미영특검에특검보명추천,Social
순찰중딱걸린도심양귀비재배비닐하우스주폐기,Social
유전자분석대조로년간실종아동명가족찾았다,Social
애들국제학교입학시켜주세요학원비억냈지만탈락사기일까,Social
너무미안년간호중증장애친딸살해한울먹,Social
요양병원서방치가스통들고가위협한대징역형집행유예,Social
경찰억대비자금조성한신풍제약임원검찰송치,Social
어제부산올들어가장더웠다내륙중심도육박,Social
정의당진보당광주시의원사라질라기회달라배철야유세호소,Social
부상귀국하는이근살아있어서미안근황공개,Social
전화번호몰라요길잃은자폐아분만에가족찾아준이것,Social
연쇄살인강윤성사형각오했다더니국민들판단받고싶다,Social
년돌본중증장애딸살해한친모미안하다같이살지못해서,Social
고액알바하려고보이스피싱가담한대학생덜미,Social
이재명싱크탱크부단장표현금지김윤태전북교육감후보반발,Social
새마을금고횡령직원자수년간억원빼돌렸다종합,Social
음주운전걸리자사촌동생사칭대남성처벌은사건프리즘,Social
도로에앉아있던남성치고달아난뺑소니음주운전자검거,Social
계곡살인이은해조현수첫재판연기변호인교체로,Social
말기암중증장애대딸살해한친모미안하다같이살지못해서,Social
이예람중사사망안미영특검에특검보명추천,Social
순찰중딱걸린도심양귀비재배비닐하우스주폐기,Social
유전자분석대조로년간실종아동명가족찾았다,Social
애들국제학교입학시켜주세요학원비억냈지만탈락사기일까,Social
너무미안년간호중증장애친딸살해한울먹,Social
요양병원서방치가스통들고가위협한대징역형집행유예,Social
경찰억대비자금조성한신풍제약임원검찰송치,Social
어제부산올들어가장더웠다내륙중심도육박,Social
정의당진보당광주시의원사라질라기회달라배철야유세호소,Social
부상귀국하는이근살아있어서미안근황공개,Social
전화번호몰라요길잃은자폐아분만에가족찾아준이것,Social
연쇄살인강윤성사형각오했다더니국민들판단받고싶다,Social
년돌본중증장애딸살해한친모미안하다같이살지못해서,Social
고액알바하려고보이스피싱가담한대학생덜미,Social
이재명싱크탱크부단장표현금지김윤태전북교육감후보반발,Social
새마을금고횡령직원자수년간억원빼돌렸다종합,Social
음주운전걸리자사촌동생사칭대남성처벌은사건프리즘,Social
도로에앉아있던남성치고달아난뺑소니음주운전자검거,Social
취한여친좀추스려달라신고하고는경찰관출동하자폭행한남성,Social
같이살지못해미안해뇌병변딸살해한친모영장심사,Social
고객예치금빼돌려억횡령새마을금고직원자수,Social
비자금의혹신풍제약수사종결오너연루의혹끝내미궁으로,Social
제금융권도횡령새마을금고직원년간억빼돌렸다종합,Social
단독그후임실선거판달구는태양광논란진실은,Social
대폭주족들이받고고소위기그경찰에응원글쏟아졌다,Social
나경찰인데보이스피싱수거책속여돈가로챈대구속,Social
결혼한달앞두고약혼녀시간감금폭행혐의대구속,Social
패션도소통령한동훈빈티지시계도화제,Social
두잇고잇한강에버리고간양심직접치우고왔습니다,Social
검찰삼성전자반도체핵심기술중국에넘긴명구속기소,Social
손가락물어서반려견아파트베란다서던진대벌금형,Social
글중심인사검증권까지한동훈소통령권력편중되면탈나문제될것없어,Social
검찰금융브로커등억대자영업자대출사기일당검서,Social
한동훈인사관리단중간보고안받는다사무실도제의장소,Social
화장실불법촬영한초등생처벌달랑시간받은이유,Social
또횡령년간회삿돈억빼돌린새마을금고직원자수종합,Social
민주화운동억울한피해자찾아명예회복조치한다,Social
명동사채왕조작극에마약누명국가배상청구심패소,Social
경찰억원대비자금혐의신풍제약임원법인검찰송치,Social
에어부산인천나리타간사이노선일신규취항,Social
방송콘텐츠년간전세계불법송출중국인덜미,Social
경실련광역단체장후보자는농지보유,Social
삼성이당했다산업스파이반도체기술빼내억뒷돈,Social
실제로더심각엄중처벌해달라오피스텔폭행사건목격한입주민의호소,Social
같이살지못해서미안해요장애인딸목숨끊은엄마의눈물,Social
폭염속아이혼자두고엄마는번개모임징역년확정,Social
베트남등개국단체관광객월부터양양공항무비자입국,Social
맹학교주변에도뜯겨나간점자블록수두룩도채못걷고멈춰섰다,Social
남욱곽상도가하나은행회장에연락해컨소시엄무산막았다고들어,Social
반도체장비핵심기술중국에넘기고억챙긴전직연구원등기소,Social
한동훈법무부인사정보관리단추진에민변검경과한덩어리초법적기관탄생,Social
의사간호조무사간호법반대에간호계허위사실유포맹비난,Social
픽남원잉어와먹이싸움하는새끼원앙들,Social
김은혜더큰약속지키기위한기회달라사전투표참여독려,Social
필로폰투약조폭주사기바다에버렸다덜미,Social
좋은물건인지먹어봐라감방동기에게마약판대징역년,Social
아들과친구들동원해채무자살해후암매장한대항소심도년,Social
송귀근고흥군수후보공영민후보등명고발,Social
부천카페서만원훔친중국인다른카페서커피마시다체포,Social
박선영서울교육감후보돌봄교육공사설립방과후돌봄교육만들것,Social
전문의칼럼암통증조절에하이푸가도움,Social
번방서성착취물편내려받았지만무죄,Social
저임금근로자비중년연속,Social
법원김윤태전북교육감후보이재명명칭사용금지,Social
프레스센터다시뒤덮은초대형오세훈현수막,Social
광주경찰명사망아파트붕괴현대산업개발대표이사입건,Social
나무틈치마입은불법촬영롯데월드부산사실아냐,Social
대낮음주트럭인도덮쳐명숨지고명중상,Social
경실련시도지사후보명중명꼴로농지소유경위소명해야,Social
법무부차인사검증만담당인사정보유출없을것음지에서양지로,Social
급전빌리려다원금수십배내고처벌까지내구제대출주의보,Social
직장동료명에흉기휘두른대체포되고한말은,Social
치마입고놀이기구탄여성도촬롯데월드측사실아냐,Social
대낮음주운전대보행자들이받아명사망명중상,Social
대학생들이생각해보는평화통일이란어떤것일까요,Social
부산롯데타워사업중단즉각재개해야,Social
한국공항공사한국관광공사개내륙항공노선항공권할인,Social
합의하에성관계후경찰에신고한대여성무고죄로집유,Social
부천카페서만원훔친중국인다른카페서커피마시다체포,Social
박선영서울교육감후보돌봄교육공사설립방과후돌봄교육만들것,Social
전문의칼럼암통증조절에하이푸가도움,Social
번방서성착취물편내려받았지만무죄,Social
저임금근로자비중년연속,Social
법원김윤태전북교육감후보이재명명칭사용금지,Social
프레스센터다시뒤덮은초대형오세훈현수막,Social
광주경찰명사망아파트붕괴현대산업개발대표이사입건,Social
나무틈치마입은불법촬영롯데월드부산사실아냐,Social
하윤수부산교육감후보부산교육청설문조사금지가처분신청,Social
민주당이재명수사에경찰청항의방문성남압수수색은정치보복,Social
코로나로원격수업받은청소년명중명효과없어명중명은절친과멀어져,Social
내년전문대만명선발학령인구급감으로만명줄여,Social
권력집중비판에법무부인사검증독립성보장해명,Social
시진핑개도국엔생존발전권이가장중요한인권,Social
한동훈인사관리단중간보고안받고검증과정정보도못본다,Social
대구삼송빵집프랜차이즈사업진출월부터설명회개최,Social
대폭주족진압한역주행경찰차특진네티즌들응원글쇄도,Social
뇌병변대딸수면제먹여살해한친모너무미안하다,Social
이재관천안시장후보박상돈후보토론회거부이유밝혀라,Social
민변법무부인사검증검찰독재국가로가려는것,Social
어디기간제가정교사한테사립중행정실장모욕폭행죄벌금형,Social
남욱김만배가곽상도하나은행회장과통화했다고들어,Social
급전필요하다고휴대전화깡대포폰활용되면형사처벌,Social
이수페타시스대구에억원투자인쇄회로기판공장건립,Social
조희연유치원입학지원금도입학령기별심공약발표,Social
제발현장목소리들어달라소방관의호소,Social
전교조경남지부김상권교육감후보명예훼손등고소지방선거,Social
대낮만취운전트럭이인도돌진보행자명사상,Social
단독새마을금고직원최소억횡령나도걸릴까봐자수,Social
반도체장비기술빼돌려억챙겨직원연구원명기소,Social
정의선현대차회장장녀월결혼대우가와사돈,Social
현장년중증장애딸살해한친모울먹이며미안해,Social
민변한동훈장관인사검증검찰독재국가우려,Social
중대본원숭이두창유입차단강화검사체계확대,Social
월사망자만명작년보다증가,Social
새마을금고마저회삿돈억빼돌린직원상사입건,Social
이동환고양시장후보고양메디컬밸리조성하겠다,Social
삼성계열사전연구원들반도체기술중국유출억챙긴명구속기소,Social
줄밖풀숲에서사진찍어의심받은듯롯데월드몰카의혹허위,Social
스마트폰녹음으로수면무호흡증진단한다,Social
지방선거울산여야투표독려나서,Social
나도걸릴까봐억횡령새마을금고직원자수,Social
화물차운전자한낮음주상태로인도덮쳐행인명사상,Social
김학의불법출금차규근재차직위해제법적조치하겠다,Social
남양주개물림사망사건견주구속기소업무상과실치사등혐의,Social
억대허위세금계산서대출사기일당무더기적발,Social
년돌본장애딸의말기암살해택한너무미안해,Social
누리호차발사월일실제위성싣고우주로,Social
억비자금조성신풍제약임원송치용처확인못해,Social
원숭이두창확산비축천연두백신못쓴다,Social
대구도시철호선서쓰러진대직원이심폐소생술로살렸다,Social
음주운전단속때대포차딱걸려적발되면바로강제견인공매처분,Social
어디기간제가정교사한테막말교직원모욕죄로벌금형,Social
대낮만취운전화물차기사인도돌진명사망종합,Social
대전시장선거전선심성복지병또민주보편적가사수당만원국힘군제대청년만원,Social
억대비자금조성혐의신풍제약임원법인기소의견송치,Social
만원때문에이웃주민살해한대다음달말첫재판,Social
영업제한반대심야차량시위주도자영업자대표약식기소,Social
구타유발성매매유인유튜버카광후회없어돈때문에방송한것아냐종합,Social
군인권센터군내사망성추행상담두배늘었다,Social
영업제한조치반대자영업자차량시위벌금만원약식기소,Social
멸종위기꼬치동자개인공증식해경북가야천에방류,Social
논문표절전교조공방인천교육감선거전격화,Social
해외선물억대손실대아들이어머니숨지게해,Social
해외는원숭이두창격리백신접종시작국내는어쩌나,Social
화정아이파크붕괴사고현산대표이사입건,Social
부산사상구의원분의는무투표당선대의역할제대로할까,Social
우주산업신호탄누리호다음달실제위성싣고우주로,Social
소통령한동훈논란법무부인사검증독립성보장,Social
이장우대전시장후보정체불명현수막은패배를인정하는증거,Social
노래방서고교생무참히살해한대항소서징역년,Social
법무부장관은인사검증중간보고안받겠다대원칙제시,Social
울산학생전국꼴찌학부모들김주홍후보가허위사실유포,Social
전은태국민의힘충남도의원후보선거운동원유세중폭행당해,Social
민주당부산구청장들검증됐는데도새정부바람에흔들,Social
파리바게뜨사회적합의이행여부검증에시민사회가나선다,Social
문어잡힌줄알았더니낚시꾼에덜미잡힌마약사범,Social
한국노총양산지부국힘나동연양산시장후보지지선언,Social
년만에열린차별금지법국회공청회에국민의힘은불참했다,Social
번방아동성착취물개내려받고보관한대남성무죄왜,Social
미스경남관광홍보사절단합천홍보나섰다,Social
노영민대그룹신규투자충북에조원유치하겠다,Social
김은혜후보사전투표독려일할기회약속지킬기회달라,Social
작년저소득층월급올라년만에최저,Social
같이살지못해서미안급장애딸살해대친모영장심사장서오열,Social
남욱김만배곽상도가하나은행장에전화했다고해,Social
인사검증가져간법무부권력비대화논란에한동훈중간보고안받는다,Social
낚시줄에딸려올라온마약주사기조폭명검거,Social
경찰신풍제약비자금조성의혹임원검찰송치,Social
오세현아산시장후보측후보자비방박경귀국힘후보고발,Social
영상식당앞쓰레기투기한대리점직원항의했더니음식주문하고별점테러,Social
팬데믹겪은인가구가외롭다서울시모임체육등대면활동지원,Social
청소년사망원인위는년째극단선택처음넘겨,Social
확진자만명대원숭이두창유입대비,Social
남욱곽상도가하나은행회장연락해컨소시엄무산막았다고들어,Social
음주운전자몰던화물차행인덮쳐명사상,Social
창녕군수선거후보매수의혹증폭김부영후보사퇴촉구,Social
누리호차발사월일이번엔위성싣고우주로간다,Social
일반의료체계전환속도정부코로나병상만여개감축,Social
영상억이상썼다유명연예인총출동한대학축제슈퍼위크,Social
코로나금융제도허점악용억대대출사기규명,Social
창원시송수관파손복구완료일부지역은밤까지단수,Social
삼성전자자회사개발반도체기술중국유출전연구원등명기소,Social
유세차량로고송커선거운동원폭행대여성입건,Social
빚떠안고형사처벌까지휴대전화내구제대출주의보,Social
이시각헤드라인월일뉴스현장,Social
날무시해서이유로직장동료에흉기휘두른대검거,Social
법무부한동훈인사검증중간보고안받는다,Social
지난해아동실종신고만건명은년넘게못찾아,Social
노동장관근로시간관련현장간담회노사선택권확대,Social
검찰보완수사로자영업자사업자대출사기일당검거,Social
귀를찢는소음에어느새난청블랙이글스소음대책촉구,Social
중증장애인딸살해혐의대여성같이살지못해너무미안,Social
만취경운기덮친뒤뺑소니새벽일나가던부부참변,Social
이정식고용장관선택적근로시간확대속도현장소통행보,Social
검찰코로나틈타가짜세금계산서로억원불법대출받은조직원기소,Social
시민단체김은혜경기지사후보고발에인사청탁하고부인,Social
고용장관주시간애로현장찾아근로시간선택권확대,Social
정부코로나여름철재유행규모만만명병상문제없을것,Social
변기물내릴때한번쯤생각해야할사람들파리로가는길,Social
단독신풍제약비자금조성임원검찰송치창업주공모혐의인정,Social
청와대불상이번엔고향경주로반환될까청와대개방으로여론다시커져,Social
휴대전화넘기고급전빌리는내구제대출조심하세요,Social
횡령또횡령이번엔새마을금고최소억원,Social
삼성자회사반도체기술에빼돌려억챙긴일당기소,Social
광주시교육감후보자단일화무산정성홍후보거부,Social
광주건설노조펌프카사망사고책임자처벌하라,Social
새마을금고도내부횡령억빼돌린직원자수,Social
폭행당한여장남자유튜버낚는콘텐츠잠정중단,Social
년돌본중증장애딸살해한친모너무미안해,Social
새마을금고도횡령사건터졌다고객돈억빼돌린직원자수,Social
검찰독재국가로가나민변법무부인사검증단신설비판,Social
코로나휩쓴월사망자통계작성후월간최다월간자연감소만명넘어,Social
코로나병상감축긴급치료병상으로재유행대비가능,Social
에너지연구원분이내초고속충전가능한알루미늄배터리개발,Social
폭염에세살딸혼자두고일집비운엄마징역년확정,Social
광주아파트붕괴현대산업개발대표입건,Social
검찰공화국비판에인사정보관리단제의장소설치독립성보장,Social
바다에버린마약주사기낚시꾼바늘에걸려덜미,Social
음주운전차량부부탄경운기들이받아남편사망,Social
윤석열대통령이찾은대구따로국밥집은년문을연원조식당,Social
윤석열대통령온다고지역언론취재막은세계가스총회조직위현장에서,Social
대전지검년간한국방송콘텐츠불법유통한중국인명입건,Social
치솟는채솟값에현장도시름가격도쉽게못올려요,Social
초등생화장실뒤따라가동창생불법촬영처벌은교내봉사시간,Social
단독결혼약속여성시간감금폭행대남성구속,Social
한동훈법무부차규근직위해제김학의불법출금기소개월만,Social
경찰광주아이파크붕괴사고관련현대산업개발대표이사입건,Social
민변인사검증맡은법무부비판검찰독재국가로가나,Social
여자친구집으로불러목졸라살해시도대다른남자만나는거같아서,Social
남양주개물림사망사건견주년만에구속기소,Social
또터진횡령최소억빼돌린새마을금고직원나도걸릴까봐자수,Social
발달장애인가족의연이은자녀살해비극국가는없었다,Social
남양주개물림사망사건견주년만에구속기소,Social
롯데월드부산서몰카촬영글확산촬영한영상확인해봤더니,Social
민주당의원들경찰청항의방문성남수사는불공정선거개입,Social
김포검단시민연대일김포팔당공약추진걷기대회,Social
주력반도체기술에빼돌려억원챙긴일당구속기소,Social
새마을금고서또내부횡령최소억빼돌려,Social
번방성착취물편받고도무죄파일명만으로내용몰랐을것,Social
허향진제주지사후보오영훈제공항명확히밝혀야,Social
참여연대법무부에인사검증권한부여반대의견서제출,Social
인천공항서첫날갯짓에어부산인천나리타노선신규취항,Social
경실련광역지자체장후보명중명이농지보유소명해야,Social
추락헬기정비사박병일씨명에게선물한새생명,Social
대장동개발뇌물혐의공판서남욱김만배가곽상도컨소시엄무산막아줬다고해,Social
월경불순간호사들에겐너무흔한일이에요,Social
금전문제로다투다어머니계단서밀어살해한혐의대구속,Social
나도걸릴까봐새마을금고직원억횡령자수했다,Social
택배노조매주월요일부분파업계약해지통보여전,Social
채팅으로남성유인방송하던여장유튜버폭행당한후중단한사연,Social
대낮만취운전대인도로돌진명사망명중상,Social
거리두기풀리니음주운전고삐도풀렸다,Social
광주화정아이파크붕괴사고현대산업개발대표입건,Social
대법주택개발사업중단된것아니라면조합원계약해제불가,Social
짝퉁피해잇따르지만온라인플랫폼업체들우린책임없다,Social
강용석후보김은혜거부해단일화가능성거의없다,Social
새마을금고직원최소억횡령경찰자수상급자도조사,Social
뛰는놈위나는놈경찰사칭해보이스피싱조직원돈가로챈대,Social
바람핀다의심여자친구목조른대남성검거,Social
프로필정상화공군총장내정자최우수조종사출신작전통,Social
원숭이두창해외감염속출국내환자나와도파급력없을듯,Social
건설현장내타설장비사망사고경영자처벌을,Social
우크라탈출한고양이윤기처럼전쟁재난서동물도보호받을수있을까안녕애니멀,Social
포항서대형크레인넘어져주변시설물파손종합,Social
제주평화로걷던대렌터카에치여숨져,Social
법무부인사검증한동훈소통령논란일자왜곡된주장반박,Social
포항동빈내항서규모항타기도로덮쳐한때도로통제,Social
사상최대이익올린에쓰오일노동자사망사고는되풀이,Social
천안에서국민의힘선거운동원유세도중폭행당해,Social
프로필이종호해군총장내정자합동해상작전전문가,Social
원주방문한정세균민주당삼총사선택해달라,Social
삼성자회사반도체기술중국에유출해억챙긴일당기소,Social
대어머니살해대아들구속화재교통사고연관성수사,Social
최소억횡령새마을금고직원경찰자수압박감에자백,Social
카페턴대중국인다른카페서커피마시다피해자에발각,Social
군산대캠퍼스에일제강점기조성인공동굴기확인,Social
김동연버스지하철서내려택시타면원할인,Social
낮은금리로바꿔줄게서민두번울리는보이스피싱범죄기승,Social
권도형테라폼랩스집찾아간루나풀매수코인방송검찰송치,Social
민주당토론서김동연거액후원금의혹발언한김은혜고발,Social
청와대불상돌려주세요뉴시스,Social
민주당국수본에항의성남수사는정치보복선거개입,Social
프로필김승겸합참의장내정자한미연합작전전문가,Social
무시했다는이유로직장동료들에게흉기휘두른대검거,Social
금리또올린다고코인존버벼락거지외친빚투영끌족한숨만,Social
돌려막기로억횡령한새마을금고직원경찰에자수,Social
박상돈국힘후보천안부동산조정대상지정해제해야,Social
나를무시해직장동료명에게흉기휘두른대검거,Social
대아들까지동원해지인살해대항소심서도징역년,Social
데일리북한이틀째사망자명봉쇄격폐조치는유지,Social
어떻게이런일이신호대기중탱크가꽝수리비가,Social
이근내욕열심히했냐살아있어서미안직접전한근황,Social
현장속으로현대중공업최고경영진소통이어가며현장새바람,Social
원주찾은정세균기호번원창묵이광재구자열삼총사선택해달라,Social
비자금조성의혹신풍제약임원법인송치,Social
민변법무부인사정보관리단신설비판검찰독재국가로가나,Social
낚싯바늘에걸린마약주사기수십개조직폭력배명구속,Social
스브스뉴스강원도이름이바뀐다고년만에강원도이름바뀌는이유,Social
민주당심장부광주서제당경쟁치열국힘정의진보총력전,Social
삼성전자자회사반도체기술유출해억챙긴일당기소,Social
아들까지동원해채무자살해한대항소심서징역년,Social
단독한국싱가폴법인문닫은권도형조세회피처법인만살렸다,Social
전북군산대서인공동굴발견일제강점기무기고추정,Social
코로나이후첫선박명명식일손부족은여전,Social
번방서아동성착취물개내려받은대무죄왜,Social
김학의불법출금차규근또직위해제부당한인사,Social
안정적형태의액체금속프린팅기술개발,Social
수입곡물백톤국산둔갑영농조합대표구속,Social
다이어리한국언론최초전쟁중인우크라이나에가다,Social
민변한동훈장관에인사검증역할까지검찰독재국가우려,Social
새마을금고에서고객예금억횡령대직원자수,Social
어머니넘어졌다신고한아들모친살해혐의로체포,Social
코로나신규확진만명대원숭이두창검역강화,Social
폭염에살딸방치사망대징역년확정,Social
친절한뉴스국민안락사입법화찬성,Social
틈사이로치마입은여성촬영온라인제보글사실은,Social
대아들대동해채무자살해암매장한대심징역년,Social
경운기추돌음주뺑소니대긴급체포경운기몰던부부사상,Social
민주당심장부광주서제당경쟁치열국힘정의진보총력전,Social
억원대허위세금계산서로대출사기벌인일당무더기적발,Social
치마입은여성이놀이기구탈때만촬영부산놀이공원불법촬영논란의반전진실,Social
시간방치숨진세살딸번개나간엄마년감형왜,Social
박선영후보욕설조전혁에사과불필요사퇴하라종합,Social
투자자들또고소테라루나수사어디로,Social
카페여주인돈뺏은중국인강도다른카페서커피마시다피해자에들켜,Social
민변법무부인사정보관리단신설검찰독재국가로가나,Social
고기대신낚아올린마약주사기필로폰투약조폭명덜미,Social
방역당국전문가올여름재유행시만명이를것대응가능,Social
경실련인천시장후보명대공약따져보니,Social
경찰관사칭해보이스피싱현금수거책등친대구속영상,Social
세복수국적자해병대자원입대무슨사연,Social
무려년동안한국방송불법송출중국인경찰에검거,Social
지능화되는몸캠피싱요즘은합의금장사까지,Social
감염병전문가이재갑교수가말하는원숭이두창,Social
지역토박이민주당힘있는재선의원국민의힘,Social
아내몰래딴주머니비자금과부부대화가출생율에미치는영향,Social
원숭이두창유입대비강화코로나신규확진만명대,Social
강용석김동연채용비리의혹당사자자격되지않는자리탐한적없다,Social
대통령장관상석권한발명왕도놀란이발명품술자리에서보던건데,Social
흉기로여사장위협해돈뺏은중국인다음날다른카페서발각,Social
제주평화로서대여성차에치여숨져,Social
남욱김만배상도형이하나은행회장과통화했다고말해,Social
대법주택조합사업지연됐다고계약해제사유될수없어,Social
김학의불법출금기소차규근또직위해제법적조치,Social
어린딸시간홀로방치한엄마감형법원미숙한상황판단능력,Social
해외로반도체세정장비기술무단유출한전직연구원들기소,Social
휴대전화넘기고급전빌리는내구제대출주의보,Social
뉴스오늘의주요뉴스,Social
북단거리섞어쏘기는처음미사일방어망무력화노려,Social
오늘만명대원숭이두창검사체계확대,Social
나도걸릴까봐새마을금고직원횡령자수피해액만억원이상,Social
어머니쓰러졌다신고한아들존속살해혐의구속,Social
년만에축제로대학가들썩슈퍼위크에과열우려도,Social
부산영도구서대여성고독사숨진지최소개월추정,Social
남욱김만배가곽상도컨소시엄무산막아줬다고해,Social
년간억횡령새마을금고대여직원자수,Social
가뭄장기화에충남지역주민들고구마말라죽고있다,Social
예쁘다초등생성폭행한대년전엔치매선처받아,Social
명사망붕괴사고경찰현대산업개발대표이사입건,Social
이재명압색은선거방해정치보복민주당경찰청항의방문,Social
영업제한반대심야시위주도한자영업자대표약식기소,Social
어머니계단서숨졌다신고한아들결국내가밀었다시인,Social
혹시걸릴까노심초사억횡령한새마을금고직원자수,Social
휴대전화개통하면만원대출형사처벌까지받는다,Social
성남압수수색은이재명죽이기민주당경찰청항의방문,Social
확진자투표시행착오재발없다중대본핫라인가동,Social
저성과자퇴사협상중변호사등판협상타결의청신호,Social
피해자인줄알았는데보이스피싱수거책시민신고로덜미,Social
김치종주국쐐기미국뉴욕주의회서한국김치행사성황,Social
휴대전화깡빚떠안고형사처벌까지신종불법사금융주의보,Social
전쟁터인줄자주포에들이받힌민간차량영상,Social
빚떠안고전과자되는내구제대출경찰주의당부,Social
원숭이두창성행위로전염감염내과교수체액엔잘없어,Social
비정규직임금정규직의개선됐지만코로나실직영향,Social
포항서대형항타기넘어져도로덮쳐출근길시민들깜짝,Social
어머니살해하고계단서쓰러졌다거짓신고대구속,Social
치마입은여성만몰래찍었다부산롯데월드불법촬영해프닝,Social
내성천무섬마을모래톱뒤덮은검은물체의정체정수근의우리강이야기,Social
남양주살인견농장주인사건발생년만에구속기소돼,Social
김학의불법출금혐의차규근직위해제법적조치할것반발,Social
아시아의자랑손흥민대사관공식통해득점왕축하,Social
금전문제로다투던어머니계단서밀어숨지게한아들구속,Social
광주시교육감후보자간단일화무산종합,Social
술주문후경찰신고위협금품뜯어낸중학생명검거,Social
월대구는이미도올여름얼마나더울까,Social
세딸무더위속시간방치한여성징역년확정,Social
시끄러워못살겠다시위나선이웃들,Social
전직은행원위장언론인억원대대출사기단명덜미,Social
법무부새우꺾기막는다외국인보호시설에인권보호관신설,Social
장애인만점의기적그보도들이놓친진짜이야기해시태그지역,Social
돈갚아세아들과친구들까지동원채무자암매장했다,Social
민주의원들정부이재명정치보복위해먼지떨이식수사,Social
검찰남양주개물림사망사건견주구속기소,Social
남양주개물림사망사고견주사건년만에구속기소,Social
놀이기구탄치마차림여학생몰카신고에롯데월드측오해였다,Social
도시가스점검원들에면담요청중경찰이폭력진압사과해야,Social
군용수리온민수헬기로인증공공헬기시장진입가속화,Social
피싱피해자인줄알고신고했는데현금수거책이었다,Social
실종아동만명년이상장기실종도명,Social
억가짜세금계산서로억꿀꺽코로나대출허점노렸다,Social
낚시바늘에걸린주사기더미마약투약조폭명구속,Social
감히손가락을물어베란다밖반려견던져다치게한주인,Social
김윤태천호성전북교육감후보단일화입장차커결렬가나,Social
다른남자와만난다의심품고애인노끈으로목조른대,Social
오세훈도시경쟁력공약발표년세계대도시로,Social
혹시걸릴까노심초사억횡령한새마을금고직원자수,Social
소통령한동훈법무부장관일찌감치차기대권후보군,Social
소통령한동훈패션화법까지신드롬권력집중우려도,Social
금전문제로다투던어머니계단서밀어숨지게한아들구속,Social
코로나병상지정해제하반기유행땐권역별병상공동활용,Social
또터진횡령사건억빼돌린새마을금고직원자수,Social
남양주개물림사망사건견주년만에구속,Social
채팅에폭행당한여장유튜버카광우려현실로안전한콘텐츠구상,Social
정부하반기재유행만만병상줄여도대응가능종합,Social
단독특검여성포함특검보명추천사명감있는이들,Social
음주운전도모자라사람치고도주한만취운전자의최후,Social
신규확진감소세지속전담병실만개지정해제,Social
법무부김학의불법출금차규근직위해제이중불이익반발,Social
중대본확진자투표시행착오재발않도록핫라인가동종합,Social
완전범죄꿈꿨지만낚시에걸린마약주사기봉지,Social
서울천안환승할인시행일만교통비억만원아꼈다,Social
사업지연이유로지역주택조합계약해제대법사유안돼,Social
초등생성폭행대아동성범죄만건과거치매로선처받았다,Social
김학의불법출금혐의차규근직위해제법적대응예고,Social
단독성주사드기지에주민지원태양광시설설치추진,Social
낚싯바늘에걸린수십개마약주사기상습투약조폭들덜미,Social
대죽인살인견에발뺌한견주년만에구속시킨결정타,Social
거점개보이스피싱조직원명검거,Social
하반기재유행만만명확진대비해병상확보,Social
치마펄럭여학생만찍었다부산롯데월드몰카신고전말,Social
인건비달라서울시청진입하려던민주노총조합원체포,Social
단독비자금조성사건신풍제약임원회사법인검찰송치,Social
대아들동원해채무자살해암매장한대항소심도년형,Social
비브리오패혈증균첫검출어패류익혀먹어야,Social
루나로수십억손실권도형집찾아가초인종누른불구속송치,Social
번방인지몰랐으면그만성착취물개내려받고도무죄,Social
강남대로송파대로잇는헌릉로중앙버스전용차로구축년전구간개통,Social
보이스피싱범이낚였다나경찰인데만원등친대,Social
민주당대전시당국힘한장짜리공보물유권자농락,Social
가족경영장애인단체의꼼수지부장은여동생오빠는직원수당챙기고,Social
피해자인줄알고현금다발세는보이스피싱수거책잡은관리인,Social
검찰차량시위자영업자단체대표벌금만원약식기소,Social
경찰경기도에관용차배차추가자료요청이재명수사가속도,Social
초점남양주개물림사망사고년만에견주기소의미는,Social
도시가스점검원들서울시면담요청과도하게제지당해종합,Social
남양주개물림사망사건년만에발뺌하던견주구속기소,Social
사계절꽃의숲펼치는서울대공원시민의테마파크로,Social
화장실몰카교장에항소심서도징역년구형,Social
다이어트의계절빠지지않는뱃살체형교정을,Social
양담소재혼한남편이알고보니기러기아빠그의아내가상간녀소송을한다고해요,Social
부산기장군죽성드림세트장대한민국안심관광지선정,Social
대구시장면충분홍준표적합도여론조사서,Social
일새벽까지중부에약한비강풍속더위도한풀꺾여,Social
올여름재유행때만만명확진병상충분해상보,Social
억대허위세금계산서로대출사기벌인명적발,Social
검찰가짜세금계산서로수십억원대출받은조직덜미,Social
검찰민주화운동피해자재심청구명예회복나선다,Social
한동훈빈티지시계에나토스트랩시계마니아들관심,Social
제주도경찰음주단속때대포차세금체납차량동시단속,Social
중국주요도시봉쇄로국내기업곳중곳더힘들어졌다,Social
단독이번엔새마을금고직원억횡령제발저려서자수,Social
제금융권도횡령새마을금고에서억빼돌린직원자수,Social
이장우대전시장후보불법현수막초조함만보여줄뿐,Social
채무자살해후암매장대항소심서도징역년,Social
노래방서고교생살해한대항소심도징역년,Social
한변검수완박법은위헌헌법소원제기,Social
국가책임호소발달장애가족추모분향소삼각지역에설치된다,Social
포항동빈내항공사현장서높이항타기쿵,Social
오영훈측역대최대억규모추경편성,Social
매서운채솟값상승세현장에선매출급감한숨도,Social
억여원회삿돈횡령한새마을금고직원경찰에자수,Social
대기업사무실서동료여직원불법촬영대남성검거,Social
나토사무총장의저격푸틴의우크라침공큰전략적실수다,Social
양재염곡세곡헌릉로중앙버스전용차로착공,Social
전교조아웃은혐오표현전교조교육감후보명고소,Social
강남대로송파대로사이헌릉로중앙버스전용차로생긴다양재염곡세곡,Social
대구지상철서쓰러진대직원이심폐소생술로구조,Social
전주모고교서수인성감염병의심환자명발생,Social
강남송파대로잇는헌릉로중앙버스전용차로내달착공,Social
전주풍패지관년만에개방고려시대축조확인,Social
대검전국검찰청에사법피해자명예회복진행지시,Social
신규환자만천여명원숭이두창해외유입차단강화,Social
포항서대형크레인넘어져주변시설물파손,Social
민주당텃밭전남표심무소속연대바람통할까,Social
제한속도초과광란의질주로사망사고낸대금고형,Social
대아들까지동원해채무자살해후암매장대심도년형,Social
필로폰주사기바다에버린조폭들낚싯바늘에봉지걸려덜미,Social
매일밤기계소리윗집은모른다오래된아파트라면이것때문일수도,Social
영동교복정역중앙버스차로신설구간연말개통,Social
새벽퀵보드타고차털이시도대명관제실에덜미,Social
예의없다며흉기로찌를듯협박한대집유,Social
욕설그만이웃들폭발시끄러워못살겠다대항시위,Social
하루에두장애인가정서비극전장연삼각지역에분향소설치,Social
검수완박법안헌법소원제기,Social
전여친집창틀에녹음기설치한다른남자때문에,Social
저금리대환대출미끼중국국내활동보이스피싱개조직검거,Social
제주해안골칫거리구멍갈파래알고보니당뇨비만에효과,Social
낚시꾼이건져올린주사기마약사범명구속송치,Social
경찰관사칭보이스피싱피해금가로챈대구속,Social
진주서보이스피싱피해금가로챈대구속,Social
부산국민의힘여성기초단체장후보는명,Social
미래에셋증권현대카드국내첫증권사전용신용카드출시,Social
중국에숨어도잡아낸다해외보이스피싱개조직명검거,Social
영업제한반대차량시위주도자영업단체대표벌금만원약식기소,Social
치마입은여성만찍었다롯데월드부산나무틈새라누군가오해,Social
인천공항올해억손실예상운영체계혁신할것,Social
검찰허위세금계산서로억불법대출한일당기소,Social
도심속흉물옛진주영남백화점다목적아동복지센터로,Social
강릉동해상서우리군대응미사일추정발사체목격,Social
시속폭주하다동승자사망사고낸대금고년,Social
북화성형등발섞어쐈다한미미사일대응사격,Social
영업제한에차량시위벌인자영업대표벌금만원약식기소,Social
기존대출금갚으면저금리대출해줄게중국근거지보이스피싱조직무더기검거,Social
어디기간제교사가감히폭언폭행교직원벌금형,Social
새마을금고에서도억횡령직원자수,Social
루나로수십억잃었다권도형집찾아간불구속송치,Social
개에물려사람이죽었는데남양주개물림사건견주구속기소,Social
형제자수에중국보이스피싱조직원줄줄이검거,Social
하동서음주운전대경운기치고뺑소니명사상,Social
증거없애려바다에버린마약주사기낚시꾼바늘에걸려덜미,Social
영동유원대학교기숙사잇단화재예방대책서둘러야,Social
번방아동성착취물편받은대무죄이유는,Social
남양주개물림사망사건견주년만에구속,Social
꿀벌사라지고봄가뭄지속영암대봉감농가깊은한숨,Social
아들까지동원해채무자살해암매장한대심도년형,Social
대중국인카페서커피마시다전날금품빼앗은피해자에발각돼,Social
대검사법피해자명예회복절차적극지원일선청에지시,Social
피해자만명서민들울린해외보이스피싱조직잡았다,Social
마약주사기담은봉지낚시바늘에걸려조폭명검거,Social
월척이네봤더니주사기수십개마약투약조폭등명검거,Social
인천시다음달부터임시선별검사소운영모두중단,Social
부산서의사살해유기한대여성재판에넘겨져,Social
중대본원숭이두창유입차단강화검사체계확대한다,Social
박선영후보학생인권조례폐지할것대공약발표,Social
부산경찰중국거점개보이스피싱조직원명검거,Social
학년도전문대만천명모집전년보다만천명,Social
청소년명중명스마트폰과의존코로나이후지속상승뉴스,Social
저금리대출로갈아타세요억원가로챈보이스피싱,Social
대검찰청전국검찰에명예회복진행지시,Social
직장내괴롭힘신고했다고해고법도보호못한숙제들,Social
저금리전환대출속여억편취한보이스피싱조직일당검거,Social
대검사법피해자명예회복속도낸다직권재심청구등지시,Social
멍투성이실제론더심각오피스텔폭행기사에달린입주민댓글,Social
단독한동훈온뒤김학의불법출금차규근년만에직위해제,Social
전교조전교조아웃구호내건교육감후보명고소,Social
경남후보자등록앞두고공천갈등만집중한경남언론,Social
의정부포천서울도심까지광역버스달린다일부터운행,Social
억보이스피싱일당검거중국에소굴억대피해자도,Social
경찰대오늘미래사회경찰전략방향세미나활용방안등논의,Social
학생수감소여파전문대모집인원만여명감소,Social
허가취소클렌코필요악문닫으면청주쓰레기대란에논란,Social
인천시주민참여예산은쌈짓돈예산편성꼼수로악용,Social
인천시주민참여예산은쌈짓돈예산편성꼼수로악용,Social
대검전국일선청에민주화운동명예회복절차지시,Social
카페강도이튿날다른카페서피해자에발각돼덜미,Social
여직원화장실에카메라설치한교장항소심도징역년구형,Social
홍순헌세계가부러워할해운대연습끝난도시행정달인이맡아야,Social
코로나중환자가된대위험요소는비만,Social
대아들동원해채무자살해암매장한대항소심도징역년,Social
포천시퇴직공무원여명국힘백영현후보지지선언,Social
남양주대형견피습사망년만에법정으로,Social
남자둘이서나무사이로치마입은촬영롯데월드부산사실아냐,Social
경남대학생청년명박종훈교육감후보지지,Social
부여서선거현수막태운남성붙잡혀술취해기억없어,Social
경기분당갑국회의원보궐선거안철수김병관,Social
루나로수십억손실봤다권도형집찾아간불구속송치,Social
물에진심인수달삼성전자인근오산천에보금자리,Social
국민연금도병원담당자실수멀쩡한사람사망신고황당,Social
대구경북코로나확진자감소세이어져,Social
음주운전대경운기추돌명사망명중상,Social
자막뉴스급발암물질자재몰래쓰다딱걸렸습니다,Social
새마을금고너마저억원횡령직원자수경찰수사중,Social
회삿돈억빼돌린경리부장유흥비개인채무에탕진,Social
김동연버스지하철서내려택시타면원할인,Social
거실과방사방에흩뿌려진피커플머무른펜션에서무슨일,Social
심야차량시위자영업자대표벌금만원약식기소,Social
발달장애가족죽음복지부족탓전장연삼각지역에분향소설치,Social
포항법원초과과속행인사망케한대에금고형,Social
청와대개방관광객급증종로구걷기편한길로,Social
성매매하러온채팅남생중계한여장남자얻어맞아실명위기,Social
인천시내부통신망뜨겁게달군수도권매립지진실,Social
헌재검수완박헌법소원건더각하권한쟁의심판월공개변론,Social
대여성숨지게한대형견주인년만에구속,Social
영업제한해제시위자영업자대표벌금만원약식기소,Social
폭행당한여장유튜버우려가현실로돈때문은아니었다,Social
수사중인데경찰관사칭보이스피싱입금액가로챈대,Social
차량시위주도한자영업자대표벌금만원약식기소,Social
왜인적없는지하에서돈을세지건물관리인신고로전화금융사기수거책체포,Social
청소년원격수업효과없어년째사망원인위고의적자해,Social
도시가스점검원들서울시와면담원했는데경찰이폭력진압,Social
주식공동투자자굴착기동원해파묻은대단독범행으로기소,Social
국힘조경태의원김필여안양시장후보지원거리유세,Social
국민의힘선거운동원명유세중폭행당해경찰수사나서,Social
고객돈빼돌려돌려막기새마을금고에서억횡령직원자수,Social
창원단수오늘밤시까지연장단수구역도확대,Social
부여서정신질환대남성나체로카페등활보,Social
법무부새우꺾기논란외국인보호소제도정비,Social
남양주개물림사망사건견주사건년만에구속기소,Social
대검명예회복신청즉시신속진행일선에지시,Social
이근그동안내욕열심히했냐아직살아있어미안하다,Social
카페강도대중국인다음날피해자에발각덜미,Social
어디기간제가정교사한테모욕폭행한교직원벌금형,Social
삼송빵집프랜차이즈진출예약제설명회개최,Social
입질왔다낚았는데마약주사기한무더기덜미잡힌조폭,Social
아파트붕괴사고현장인사배치엉망현산하원기대표입건,Social
대구시장적합도홍준표민주당서재헌,Social
집에셋탑대설치한국방송년간무단해외송출한중국인어떻게잡혔나,Social
창원시인가구용깎아먹는애플수박본격출하,Social
음주운전차주경운기탄부부쾅명사망명중상,Social
경찰청장후보군물갈이인사에내부술렁수사통배제왜,Social
솔잎보다작은희귀난초인아기쌍잎난초제주서군락지확인,Social
골든부트들고온손흥민관세부과될까,Social
민주화운동유죄기소유예처분명예회복절차진행,Social
개에물려사람이죽었는데년이나걸린수사,Social
뇌병변장애앓는딸수면제먹여살해한대친모구속영장,Social
나무틈새로치마입은여성촬영롯데월드부산사실아냐,Social
뭘잘못했기에기분나빠서경찰재량단속논란,Social
분당서울대병원연구진스마트폰녹음기능으로수면무호흡증진단기술개발,Social
토론회에서허위사실유포유기상고창군수후보고발돼,Social
제주서한밤중음주체납차량단속시간만에대적발,Social
정성홍광주교육감후보자간단일화제의거부,Social
발달장애가정또비극부모패닉장애등록무관하게도움줘야,Social
남양주개물림사망사건견주사건년만에구속기소,Social
법무부인사검증논란에장제원한동훈이장관이라비판,Social
친구불법촬영세초등생교내봉사시간어리고반성해서,Social
한국방송콘텐츠년간해외로불법송출중국인구속기소,Social
남양주개물림사건견주사건발생년만에구속기소,Social
전장연삼각지역에극단선택장애가족분향소설치하겠다,Social
여학생화장실옆칸서불법촬영한초등생처벌은봉사시간,Social
내손가락물어홧김에반려견층베란다밖으로던진대벌금,Social
김상권교육감후보공약은어디가고혐오배제로갈라치기,Social
식약처족발보쌈배달음식점위생실태집중점검,Social
높이항타기도로덮쳤다포항해양수산청공사장,Social
부산서대여성고독사개월전숨진것으로추정,Social
신문브리핑누굴찍었나따라엇갈린잘못평가잣대는사실이아닌편외주요기사,Social
식약처달걀판매업체곳위생관리법위반적발,Social
침구류피범벅만든커플펜션주인보상요구에적반하장,Social
중국에사무실둔보이스피싱개조직명검거,Social
국내최초국립박물관단지세종문화수준높인다,Social
코로나영업제한반대차량시위벌인자영업단체대표약식기소,Social
제주도경찰음주운전세금체납한번에잡는다,Social
백팩서돈다발이피해자도우려다피싱수거책잡았다,Social
국민코로나감염누적확진자만명넘어,Social
지하계단에서몰래돈세더라보이스피싱수거책잡은건물관리인,Social
법무부외국인보호소서포승퇴출결박의자등장비종명문화,Social
때려달라가학적성관계부산엽기살인대감형왜,Social
검찰의사살해시신유기대여성단독범기소,Social
살아있어미안하다부상치료위해귀국결정한이근이한말,Social
코로나치유안심관광지충북곳선정,Social
아빠가게온개월아들에취객입술뽀뽀이건범죄,Social
영업제한반발심야차량시위자영업자대표벌금만원약식기소,Social
지하철버스통합정기권도입추진교통비약절감기대,Social
루나코인보상해라권도형집총인종누른불구속송치,Social
대중국인카페갔다전날금품빼앗은점주와조우붙잡혀,Social
홍준표압도적위대구시장여론조사,Social
새벽시간여성상대강도행각대검거,Social
단독한동훈인사검증결과만보고받는다대원칙으로장관논란돌파,Social
검찰차량시위주도자영업자단체대표벌금만원약식기소,Social
방역당국원숭이두창해외유입차단강화국내검사체계확대,Social
기업홍보담당자들직무만족도는점자부심느껴,Social
스마트폰으로호흡음녹음하면수면무호흡증진단도움,Social
카페턴대중국인강도다른카페서커피마시다피해자에발각,Social
윤호중용퇴박지현주장에몇명이논의할내용아냐,Social
바다에버린마약주사기낚시꾼바늘에걸려덜미,Social
에어부산인천나리타노선신규취항,Social
에어부산인천나리타노선신규취항,Social
신규확진만명위중증명사망명,Social
심야차량시위주도자영업자대표벌금만원약식기소,Social
검찰영업제한반발차량시위주도한자영업자대표약식기소,Social
동창생불법촬영하다걸린초등생처벌은겨우봉사시간,Social
단독술주문한뒤경찰신고협박돈뜯어낸중학생들검거,Social
신문브리핑합참북한동쪽으로탄도미사일발사외주요기사,Social
영업제한반발자영업자차량시위벌금만원약식기소,Social
등굣길성폭행기소석연찮은치매선처이력도,Social
현금다발세는모습에피해자인줄알고보니보이스피싱수거책,Social
하루동안두가정이극단적선택중증장애가족삶에관심을,Social
박형준부산시장후보장준용동래구청장후보와합동유세,Social
전자발찌훼손여성연쇄살해강윤성내일국민참여재판공소사실왜곡,Social
전교조교육감선거에혐오표현중도보수후보명고소,Social
중대본원숭이두창해외유입차단강화검사체계확대,Social
가짜서류로보조금여만원꿀꺽대여성집유년,Social
길가던여성폭행후핸드백훔친대긴급체포,Social
부산롯데월드몰카신고에화들짝보안강화할것,Social
제주해안망치는구멍갈파래항당뇨항비만효능확인,Social
김성수년공직생활경험해운대구위해쏟아붓겠다,Social
오늘중대본서원숭이두창논의해외유입차단관리강화,Social
중부내륙고속도로서이중추돌에이어삼중추돌사고,Social
청소년인구년만에만명줄었다사망원인위는,Social
코로나뼈도공격해골다공증등후유증보고된증상만개넘어,Social
음주경운기치고뺑소니고사리캐러가던부부참변,Social
확진자도사전투표국민코로나감염누적만종합,Social
번방인줄몰라아동성착취물수백편내려받은대무죄,Social
코로나신규확진만명누적만명넘어위중증명,Social
젠사키방송진행자로변신,Social
필로폰투약조폭주사기바다에무더기로버렸다해경에덜미,Social
광주전남서하루새코로나확진자각각명명발생,Social
테라루나사태권도형집찾아간불구속송치,Social
속보확진만명수요일주만에최저,Social
바다에버린마약주사기낚시꾼바늘에걸려덜미,Social
신규확진자하향안정세누적만명돌파종합,Social
천호구역정비계획가결신통기획첫재개발사례,Social
누적감염만명돌파인구만여명신규확진종합,Social
서울낮기온도올해왜이렇게더운가했더니,Social
이근한국서부상치료살아있어미안,Social
원숭이두창확산비축천연두백신사용어렵다,Social
티웨이항공호기국내인도대형기도입마무리,Social
인천코로나임시선별검사소전면철수보건소는계속운영,Social
내일법사위앞두고간호법갈등최고조의료판검수완박반발,Social
낚싯대에걸린필로폰투약주사기봉지조폭등명덜미,Social
학년도대입전략첫해등급내변별력수학보다국어가더커져언어와매체응시비중은전년보다더높아져,Social
루나로수십억손실권도형자택찾아간불구속송치,Social
대학교정서발견된인공동굴일본군무기고추정,Social
영업제한반발자영업자차량시위벌금만원약식기소,Social
멋지다장하다에울컥하는게대한민국국군,Social
남양주개물림사망사건견주년만에구속기소,Social
누적확진자만넘었다신규확진만명대위중증명대유지,Social
만취대음주운전자길가에앉은남성치고뺑소니,Social
신규확진만명수요일주만에만명대누적천만종합,Social
군위군수무소속김영만후보더큰군위오직군민만생각,Social
지방의회의원들의비리가근절되지않는이유,Social
녹유의오늘의운세년월일목요일음력월일기묘,Social
남양주살인견견주는불법개사육장주인검찰구속기소,Social
에발열환자사망자수등코로나상황보고,Social
서울신속통합기획재개발첫심의통과천호동노후주택가층아파트단지로,Social
영천시장무소속최기문후보재선에성공하면국민의힘입당여부결정할것,Social
면역항암제키트루다방광암치료건보확대청신호,Social
차량에서발견된천만원장수군수후보자원봉사자구속,Social
신림선신분당선속속개통오세훈선탄력받나,Social
검찰차량시위주도자영업자단체대표약식기소,Social
나를무시해직장동료명에흉기휘두른대검거,Social
회삿돈억몰래빼돌린중소기업경리부장징역년,Social
작은건설현장사고보니지붕보다걷는게더위험,Social
음주운전하다경운기추돌명사상한뒤도주대체포,Social
단독교육감후보일제고사부활약속해학원공제회가지지,Social
잘했어무면허폭주족대단속경찰에칭찬쏟아진이유,Social
장애가정잇단비극장애인부모연대시간지원체계구축요구,Social
전장연번째지하철삭발식장애인예산촉구,Social
어린이드림렌즈재구매원인위분실위파손,Social
늘어난술자리방역해제후제주음주운전증가세,Social
주째욕설소음에이웃들폭발시끄러워못살겠다대항시위,Social
단독도둑이제발저려억횡령새마을금고직원자수,Social
김태열의생생건강펜뇌전증환자의우울불안체내염증반응과관련있다,Social
중대본원숭이두창유입차단강화검사체계확대,Social
계속초여름더위낮최고도오후내륙소나기,Social
국민코로나감염누적확진만명넘었다상보,Social
확진만명누적만돌파원숭이두창차단총력종합,Social
번방아동성착취물편내려받아보관한대무죄,Social
경북서신규확진명구미명포항명등,Social
신규확진만명감소세유지누적만명돌파,Social
새끼밴토끼마리몰살한들개담양군실태조사나섰다,Social
황교익부부어린이합창단사진단며칠만에과동급,Social
확진자도사전투표가능원숭이두창차단관리강화종합,Social
주식투자동업의사살해뒤양산밭암매장한대여성기소,Social
치솟는식자재값에시장에서도매출급감울상,Social
도심한복판서여성때리고핸드백훔쳐달아난대검거,Social
단독또터진금융권내부횡령새마을금고에서억횡령직원자수,Social
군산대서인공동굴다수발견일제강점기무기고추정,Social
군산대서인공동굴다수발견일제강점기무기고추정,Social
대법지연됐더라도상황변화없으면주택조합사업계약유효,Social
지하철버스통합정기권추진교통비최대줄어든다,Social
초등생화장실들어가더니불법촬영,Social
국내원숭이두창검사체계강화바이러스유입철저차단상보,Social
리턴매치고흥군수선거공영민오차범위내송귀근과접전,Social
박남춘환경부수도권대체매립지위치공개요구,Social
화장실따라들어가찰칵몰카범잡고보니초남학생,Social
거리두기전면해제후일코로나신규확진자만명누적천만,Social
수익금독촉하자주식공동투자한대살해대여성기소,Social
원숭이두창검사체계전국확대유입땐신속확인가능종합,Social
어디기간제가정교사한테차별발언욕설한교직원벌금만원,Social
나흘째만명대발열자안정세라면서도봉쇄격폐계속,Social
주식공동투자의사살해한대여성기소단독범행결론,Social
어디기간제가정교사한테물뿌리고막말폭행까지한교직원벌금만원,Social
대중국인강도질다음날피해자에발각돼검거,Social
루나폭락수십억손실권도형집찾아간불구속송치,Social
속보코로나신규확진만명누적만명,Social
만명생방폭행당한여장유튜버저는광대콘텐츠잠정중단,Social
신호대기차량에자주포탱크쾅국가배상왜안되나영상,Social
아동청소년성착취물편내려받은대남성무죄,Social
전장연삼각지역에극단선택장애가족분향소설치,Social
술마시고몰던대경운기추돌하고뺑소니명사망,Social
모스크바아웃세계엑스포부산유치청신호종합,Social
조광한남양주시장내북콘서트에공직자는단한명도오지않기를,Social
신규확진만명수요일주만에만명대누적천만,Social
성매매에폭행당한여장남자유튜버돈때문에방송한건아냐,Social
도폭염에시간방치세딸잡은엄마번개모임,Social
신규확진자만명수요일기준주만만명대,Social
영상이근내욕많이했나살아있어서미안근황,Social
속보확진만명누적만넘었다위중증명사망명,Social
원숭이두창해외유입차단강화억제가능바이러스,Social
발달장애가정비극관심가져달라삼각지역에분향소설치,Social
아기묻지마폭행범때린아빠검찰송치정당방위인정안된이유,Social
속보코로나어제만명전국위험도낮음,Social
국민코로나감염누적확진만명돌파상보,Social
하반기유한렉라자임상발표주목제약바이오투자심리개선될것바이오,Social
직원배려하고소통역대번째여성치안정감송정애리더십,Social
독도가한국영토임을알리는데헌신사비로연구원도운영,Social
모두가등돌린것같을때날사랑하는법가르쳐주셨죠,Social
최계운도성훈후보공보물전교조왜숨기나,Social
전국코로나확진자만명확진누적만명돌파,Social
주식수익금달라공동투자자살해여성단독범기소,Social
상주중부내륙고속도로서연이어다중추돌사고명사망,Social
영상이근이직접전한우크라현지상황,Social
이근내욕열심히했냐살아있어미안인스타글쏟아냈다,Social
속보원숭이두창개국확산중대본해외유입차단강화,Social
한국복귀해우크라이나상황전한이근치료후복귀희망,Social
이근우크라근황공개경찰아직입국통보못받아,Social
인건비지급요구한가스점검원들서울시청앞농성중현행범체포,Social
여장유튜버채팅에폭행당한뒤돈때문에한것아냐,Social
왜날무시해직장동료명에게흉기휘두른대검거,Social
억물어내권도형집찾아간불구속송치,Social
새합참의장에김승겸연합사부사령관내정상보,Social
전과범공천에울진유권자들비난여론쏟아져,Social
동창여학생화장실뒤따라가불법촬영한초등생처벌은봉사시간,Social
도로에앉은대뺑소니음주운전대검거,Social
군위군선거앞두고한달에만명인구증가경찰위장전입수사착수,Social
하동서음주외제차경운기추돌후도주명사상,Social
의사살해후밭에시신유기대단독범행기소,Social
대통령세계가스총회서정부탈원전정책폐기재확인,Social
중대본원숭이두창해외유입차단강화검사체계확대,Social
원숭이두창확산정부전국보건환경연구원검사체계확대,Social
번방성착취물개다운받은대무죄선고된이유는,Social
인천시내달일부터코로나임시선별검사소전면중단,Social
정부원숭이두창유입차단강화검사체계전국확대,Social
조희연자사고외고존치막는게사명에듀대안모델만들것,Social
도로에앉은남성치어숨지게한뺑소니음주운전자검거,Social
민정수석실대체인사검증조직한동훈직할로,Social
부산지검의사살해시신유기대여성단독범기소,Social
만취상태서도로에앉아있던남성치고달아난뺑소니운전자검거,Social
광주금남로중흥클래스두산위브더제니스공사현장서근로자명사망,Social
루나개발자집찾아가초인종누른불구속송치,Social
일단식은끝났지만쉬고싶어요제빵기사의끝나지않는호소,Social
농촌기본소득지급하면사람꽃피어날까,Social
백화점쫓아다니던년전통소곡주장인청년덕에활짝,Social
루나손실보상해야테라권도형집찾아간검찰송치,Social
천호동노후주택가층아파트단지로탈바꿈신통기획적용,Social
제주지사후보에게묻다제공항최대갈등현안해법은인색,Social
전쟁중병가낸이근우크라복귀원해한국서,Social
영상왼발비틀고꼼지락또포착된푸틴이상행동,Social
현장영상확진자사전투표는일시분부터시까지가능,Social
왜무시해직장동료명에흉기휘두른대,Social
감히날무시해세종서직장동료명에게흉기휘두른검거,Social
수리온국토부제한형식증명획득외산헬기대체하나,Social
차량에만원보관장수군수후보측자원봉사자구속,Social
삼성여직원책상아래몰카설치대남성검거종합,Social
단독심야차량시위주도자영업자단체대표약식기소,Social
뭐야탱크네신호대기중에뒷범퍼쿵한문철도놀란추돌,Social
여장남자유튜버성매매채팅속여집에불렀다가생방송중폭행당해,Social
아동성착취물개내려받았으나무죄왜,Social
어디기간제가정교사한테차별발언폭행교직원벌금형,Social
명사망붕괴사고책임대표입건소환초읽기,Social
루나로수십억잃어권도형집찾아간불구속송치,Social
몸이반응했죠쉬는날이던소방관참사막았다아살세,Social
치마입은여성만골라찍었다부산롯데월드몰카사건전말은,Social
루나에억풀매수권도형집찾아가초인종누른불구속송치,Social
자막뉴스신림선일개통서울대여의도분,Social
대기업사무실서여직원불법촬영한대검거,Social
이준석대무면허오토바이난폭운전사고경찰과잉단속아니다,Social
단독흉기들고거리돌아다니던대남성검거,Social
사회적합의악용해온연금개혁잔혹사,Social
초등생이학원화장실서불법촬영처벌은교내봉사시간,Social
경찰뺑소니사망사고뒤공사장에숨어있던남성체포,Social
도로에앉은남성차에치여숨져뺑소니음주운전자검거,Social
경기파주서대남성만취차량에치여숨져,Social
다른남자만난다고의심해여자친구목조른대검거,Social
법원응급상황시분내병원도착합의위법아냐,Social
살딸혼자두고남자친구만난감형지능낮아,Social
더운데담배연기까지일상회복에늘어난거리흡연,Social
억풀매수망했다루나대표집찾아간남성불구속송치,Social
인터넷와글와글뺑소니범잡고보니가족안을수있어,Social
번방아동성착취물무려여편내려받은대무죄,Social
영상초등생동창여학생뒤쫓아간화장실서불법촬영,Social
광주전남명신규확진전날보다명,Social
이근내욕했냐아직살아서미안오자마자올린사진,Social
굿모닝날씨더위속오후소나기밤부터중부비,Social
어머니살해후허위신고대남성구속,Social
뉴스딱김빠진콜라먹어야하나다음달탄산생산량급감,Social
뉴스딱한국서재활치료받는이근우크라로돌아가고파,Social
우리아파트슈퍼카보여드릴게요주차는칸,Social
뉴스쏙속바이든떠나자마자미사일발사첫소집,Social
유튜버카광남성낚는콘텐츠잠정중단우려현실,Social
기간제교사차별하며욕설폭행한교직원모욕죄로벌금형,Social
핫클릭경윳값고공행진당전국평균천원첫돌파,Social
이근내욕열심히했냐아직살아있어미안,Social
행정모르는학자전형적인행정가변성완박형준치열한공방전,Social
휴무소방관상가화재발빠른대처로큰피해막아,Social
루나대표집초인종주거침입혐의로검찰송치,Social
초등생이여자화장실서또래불법촬영처벌은교내봉사시간,Social
년만에다시점화된새만금내국인카지노논쟁,Social
남해서어머니존속살해혐의대긴급체포,Social
무면허폭주대들이경찰고소소식에분노한누리꾼몰려왔다,Social
초등생여학생화장실옆칸숨어불법촬영처벌은봉사시간,Social
세초등생성폭행한대초범아니었다년전에도유사범죄,Social
대법지역주택조합현저한변경있어야조합원계약해제,Social
수입곡물백톤국산둔갑영농조합대표구속,Social
어디기간제교사가이야중학교행정실장벌금형,Social
노조강경대응하는정부경찰진경호택배노조위원장압수수색,Social
간호법제정에의사들반대하는진짜이유,Social
코로나이후첫선박명명식일손부족은여전,Social
부상이근살아있어미안하다직접전한우크라근황,Social
마약인가수면제인가코로나와중에졸피뎀처방급증,Social
침공복수하겠다연계이라크인부시전대통령암살모의,Social
교육감막강한권한에도여전히깜깜이진영선거,Social
신호대기중자주포에쿵군에서보상받을수있나요영상,Social
루나로수십억손실권도형집찾아간불구속송치,Social
화물차사이에낀승용차운전자결국숨져강원정선야산에산불,Social
청소년명중명우울감느껴사망원인위는극단선택,Social
시끄러워못살겠다평산마을주민들집회소음중단요구시위,Social
공직자검증까지맡은한동훈에중앙일보왕장관,Social
대여성발달장애아들과극단선택돌봄대책확대필요,Social
권도형행방오리무중주거지가보니잘못된주소,Social
건설업자에억원수수혐의기자구속파장은어디까지,Social
화장실들어간초등생불법촬영범인이었다,Social
등굣길성폭행기소석연찮은치매선처이력도,Social
인천시장선거전현직재대결치열한설전,Social
껴안은채극단선택살해까지잇따른장애가정비극,Social
한동훈직속인사검증조직신설검사명등명규모,Social
호선매봉역선로에서불꽃시간반만에정상운행,Social
루나로손실봤다권도형자택찾아간불구속송치,Social
고위층검증손에쥐는한동훈법무부권한비대우려,Social
번방미성년성착취물편내려받았는데대무죄왜,Social
박지원시야가좁았다여성에게기회를이라고한에게박수호남도좀,Social
간호법논란의료판검수완박간호사업무구분해야한판승부,Social
길거리서초등생유인해몹쓸짓한할아버지처음아니었다,Social
세살딸일동안혼자두고번개모임하다사망케한엄마감형확정지능낮아,Social
낮기온최고도오후시이후에는비날씨,Social
법무부서인사검증한동훈사실상민정수석역할,Social
이근측한국서치료예정회복후우크라돌아가고싶다,Social
전여자친구살해가해남성긴급체포,Social
중부내륙고속도로연쇄추돌명사망명부상,Social
주한미군길고양이마리철창가둔채총살논란,Social
대통령집무실앞집회금지논란계속기본권침해경호안보문제,Social
일회용컵보증금제시행위해프랜차이즈본사나서야,Social
남친심리적육체적학대둔기로살해한대형량감경왜,Social
당국원숭이두창국내유입배제못해,Social
대리운전사업에제동걸린대기업카카오티맵누가웃을까,Social
마주보니울컥헤어진칠순부모다시만나는자녀들,Social
곤충길없앤둘레길침묵의숲될것,Social
더한장최후항전벌이던아조우스탈에스며든한줄기빛,Social
고위층검증손에쥐는한동훈법무부권한비대우려,Social
번방미성년성착취물편내려받았는데대무죄왜,Social
박지원시야가좁았다여성에게기회를이라고한에게박수호남도좀,Social
출구없는진영갈등승자독식정치구조바꾼다면,Social
라떼대클럽충틀딱충코로나시대세대갈등불끈,Social
사회갈등지수년새배로폭등갈등공화국됐다,Social
내폰훔쳤지지하철화장실서생사람몸더듬은대집유,Social
세딸폭염속시간방치숨질때번개모임다닌엄마징역년확정,Social
코로나시기불평등갈등누적새정부정책시험대,Social
화약고가된일터갈등과로사공정성갑질이슈부각,Social
굿모닝브리핑법무부인사정보관리단신설슈퍼법무부우려나와,Social
원숭이두창에도효과비축백신못쓰는이유는,Social
등굣길성폭행기소석연찮은치매선처이력도,Social
에쓰오일폭발사고수사본격화가스누출이후폭발,Social
박영선양산을찾아만나고나니마음이편안햇빛이눈부시더라,Social
소아정신과진료대기년코로나에아이들마음이아파요,Social
중부내륙고속도로서삼중추돌에이어사중추돌사고,Social
장애인가정서잇단비극자녀와극단적선택,Social
전문가들암호화폐는쓰레기유시민말이옳았다,Social
번방구매자명감옥간사람은,Social
코로나시기불평등갈등누적새정부정책시험대,Social
화약고가된일터갈등과로사공정성갑질이슈부각,Social
굿모닝브리핑법무부인사정보관리단신설슈퍼법무부우려나와,Social
원숭이두창에도효과비축백신못쓰는이유는,Social
등굣길성폭행기소석연찮은치매선처이력도,Social
에쓰오일폭발사고수사본격화가스누출이후폭발,Social
박영선양산을찾아만나고나니마음이편안햇빛이눈부시더라,Social
소아정신과진료대기년코로나에아이들마음이아파요,Social
중부내륙고속도로서삼중추돌에이어사중추돌사고,Social
장애인가정서잇단비극자녀와극단적선택,Social
전문가들암호화폐는쓰레기유시민말이옳았다,Social
번방구매자명감옥간사람은,Social
영상화장실들어가더니초등학생이불법촬영,Social
진보교육감전성시대달라지나판세변화눈길,Social
뉴스열어보기삼성조현대차조롯데한화조미래산업투자,Social
굿클리닉세부전문의가보존치료부터고난도수술까지손저림손목통증해결,Social
대법지역주택조합사업지연계약취소사유안돼,Social
투자자들또고소테라루나수사어디로,Social
경찰차에꽝중상대폭주족이준석경찰이잘한것,Social
전문의칼럼손가락굽혔다펴는데딸깍방아쇠수지어쩌나,Social
경찰차에꽝중상대폭주족이준석경찰이잘한것,Social
전문의칼럼손가락굽혔다펴는데딸깍방아쇠수지어쩌나,Social
관절클리닉허리통증과프롤로주사치료,Social
초등생여학생화장실뒤따라가찰칵처벌은봉사시간,Social
생활고로초등생두아들살해한대엄마오늘첫재판,Social
코로나위험도전국모두낮음원숭이두창감시강화,Social
호선매봉역선로불꽃운행중단에퇴근길큰불편,Social
년만의용서가해자유족눈물의포옹,Social
인사합수단한동훈검수완박대응다음카드는,Social
오미크론변이유행지속당국백신효과여전,Social
중부내륙고속도로서중추돌운전자사망,Social
독일원숭이두창건확진한국감시강화,Social
헬스일반인유행원숭이두창걱정하지마세요,Social
최초선서울시장도전오세훈캠프누가함께뛰나,Social
회코로나유행진단과방역수칙,Social
원숭이두창감시강화백신접종검토안해,Social
반복되는장애인가족비극돌봄주체부모도지원필요해이슈,Social
서울시지하철심야운행방침에노조일방적발표반대,Social
출신공직자인사좌지우지우려검찰공화국비판거세,Social
아들까지동원해채무자살해암매장한대항소심선고결과는,Social
대리운전은중소기업업종희비엇갈린카카오와티맵,Social
부오늘의주요뉴스,Social
민정수석실대체인사검증조직한동훈직할로,Social
경찰과학과만나다개미만보고납치범잡은그리섬반장한국에도나온다,Social
이슈매년느는억대소득프리랜서건보공단최소천명,Social
년진척없던주택조합사업대법상황변화없으면계약유효,Social
로펌의기술찻길사이에두고엇갈린운명여의도광장아파트분리재건축이끈법무법인광장,Social
대법지역주택조합사업지연계약해제사유로볼수없어,Social
조국과정호영누가더불공정합니까두얼굴의공정,Social
오늘날씨내륙중심오후소나기늦은밤수도권등비시작,Social
정신과진료년후극단선택심보험금지급해야,Social
청소년사망원인위년째극단선택마저넘겨,Social
코로나시대이것만은바꾸자의무적경조사챙기기이젠그만,Social
벌써개국확산한원숭이두창정말동성애로감염이될까,Social
지주택기다리다지친다계약금돌려줘대법최종판단은,Social
김정은에년전납북책임물은후손들년만에나온판결은그법알,Social
제말맞죠급등종목콕집어보내온문자답장해봤습니다,Social
억냈는데조합인가년째감감대법계약해제인정안돼,Social
초등생아들명살해대오늘첫재판,Social
고시원도만원올려달라네요고물가에자취생갈곳도먹을것도없다,Social
송영길소상공인지지선언오세훈글로벌선도도시,Social
청소년사망원인위년째이것사고도암도아니다,Social
대법주택조합사업지연돼도계약해제사유인정안돼,Social
회사가내잘못이라며월급에서까겠다는데노동의종말,Social
고속도로에서연쇄추돌사고명사망명부상,Social
기후위기시대고기를먹느냐마느냐에서얼마나먹느냐로,Social
이시원검사는진짜간첩조작몰랐을까,Social
대통령실홈피에서사라진메뉴수상한조짐그정보가알고싶다,Social
우리아파트슈퍼카보여드릴게요사진공개되자네티즌뿔났다,Social
원숭이두창억제가능과민반응말라권고종합,Social
진중권법무부가인사검증한동훈이니까문제너무집중돼개혁맞나,Social
중부내륙고속도로에서삼중추돌사고운전자명사망,Social
퇴로막힌친문검사정원초과된법무연수원,Social
지하철보안관수난시대모든곳에경찰있나서울시사법권부여총력전,Social
건물창문가리고목에걸리고선거현수막말썽,Social
루나로수십억손실권도형집찾아간불구속송치,Social
치안정감명승진차기경찰청장후보군윤곽,Social
원숭이두창백신치료제개발경제성낮아,Social
이기원전계룡시장제주서숨진채발견,Social
중점검찰청에합수단설치정권권력형비리겨누나,Social
거실방온통피범벅펜션주인보상요구하자답변이,Social
정부경찰청장후보군싹바꿨다속도물갈이안배방점,Social
향성분피부개선특허만건뷰티마케팅아닌기술력이다문소영의스타트업탐방,Social
년만에참회한계엄군월의어머니는용서했다,Social
소멸대신희망의샷군위효자떠오른골프장자치분권함께가요지역소멸막기,Social
대구명물뷔벽화거리로두배연장,Social
첫번째칸은레일뷰고무바퀴로조용한코너링,Social
발달장애아들안고투신한엄마사회는또한발늦었다,Social
순경출신송정애등명치안정감승진청장후보물갈이,Social
검사직무에인사검증없는데정부조직법등개정선행돼야,Social
단독성추문피해여성사진무단조회중앙지검차장검사징계이력논란,Social
성매매속여채팅부른여장유튜버생방중폭행당해,Social
통신비전기료재택근무비용을왜직원이내야하죠,Social
날씨한여름더위속내륙소나기밤부터중부비,Social
정부허가받고우크라다시가고싶다찍은이근의바람,Social
공수처가넘긴고발사주검찰김웅딜레마,Social
단독두달새명억등친벤츠탄왕자님,Social
김어준입에직원들성과급깎이나법정제재에촉각,Social
살려던것뿐인데졸지에범죄자됐다만명의눈물,Social
채소고기안오른것이없다밥상물가비상,Social
경기도교육감후보자토론회임태희성기선누가승자될까,Social
한해조쏟아붓는데기초연금왜노인빈곤해결못할까,Social
신종변이이어원숭이두창공포까지해외여행어쩌나,Social
중부내륙고속도로북상주인근중추돌에이어중추돌사고명사망,Social
전여옥박지현말한팬덤정치는이재명과개딸용퇴대상이윤호중,Social
공직자인사검증까지거머쥔한동훈왕장관우려커지나,Social
전장연과도한시위로시민불편서울경찰청기준부터밝혀라,Social
김군등장에도북한군개입증거많다역사왜곡이어가는지만원,Social
단독코로나패닉에심근경색환자원내사망률배늘었다,Social
경찰치안정감명중명전격교체정부첫경찰청장인선수순,Social
수사베테랑경찰의격정검찰이부패수사역량낫다어불성설,Social
한동훈직속인사정보관리단신설공룡법무부우려목소리,Social
경찰청장후보군물갈이명치안정감승진,Social
코로나위험도평가첫전부문낮음원숭이두창과도한불안감불필요,Social
단독세부터쓴다선전학습교구페인트묻어나민원속출,Social
제보는친구가내답안지를본다면성적정보또유출한고교,Social
국민연금년바닥노인빈곤재정고갈굴레풀어낼까,Social
공직인사검증한동훈손에법무부장관직속조직신설,Social
시간에딴자격증엉터리심리상담사양산이슈탐사,Social
오후부터전국비소식낮최고도무더위,Social
세건강여성은포옹하면스트레스뚝남성은효과없다,Social
원숭이두창국발생공기감염은잘안돼,Social
일부영페미평등외치며성소수자배척유리한것만취하는뷔페미니즘논란,Social
페미니스트자처하는남성들우리를이대남으로묶지말라,Social
여성학수업들으면페미로낙인관련강의년새절반줄어,Social
일상속수학산업속수학암호와수학,Social
노동자의텃밭울산동구청장국민의힘진보당양자대결,Social
인천정치번지남동구이번엔누가웃을까,Social
보수의심장구미시장파전경제이슈에초점맞춰표심공략,Social
강원도빅춘천원주시장자리놓고후보들피말리는접전,Social
지역에세계적연구집단생기면지역발전에큰도움됩니다,Social
사랑해요손흥민골든부트들고금의환향,Social
거제추락헬기정비사명에새삶주고하늘의별로,Social
국민명중명안락사허용해야,Social
기본땅콩이젠못드려요종로노점들도술안주값줄인상,Social
중부내륙고속도로연쇄추돌사고명사망명부상,Social
중부내륙고속북상주나들목인근서연쇄추돌잇따라운전자명숨져,Social
유럽서원숭이두창속속확산독일감염자일간격리권고,Social
지하철호선매봉역에서불꽃시간넘게지연,Social
권도형행방오리무중의심스러운정황포착,Social
